event_id,firm,ticker,event_date,event_description,initiation,lead_time,confidence,coder1_notes,coder2_initiation,coder2_lead_time,coder2_notes,reconciled_initiation
CW_NKE_20180903,Nike,NKE,2018-09-03,Kaepernick campaign ('Believe in something') caused political backlash and brand support,firm_initiated,months,high,Kaepernick ad campaign — major planned marketing initiative,,,,
CW_CTRL_UAA_20180903,[Control for CW_NKE_20180903],UAA,2018-09-03,Kaepernick campaign ('Believe in something') caused political backlash and brand support,firm_initiated,months,high,Control event; inherits treatment coding. Kaepernick ad campaign — major planned marketing initiative,,,,
CW_BUD_20230401,Bud Light,BUD,2023-04-01,Trans influencer Dylan Mulvaney partnership led to conservative boycott,firm_initiated,months,high,Influencer partnership — planned marketing deal,,,,
CW_CTRL_TAP_20230401,[Control for CW_BUD_20230401],TAP,2023-04-01,Trans influencer Dylan Mulvaney partnership led to conservative boycott,firm_initiated,months,high,Control event; inherits treatment coding. Influencer partnership — planned marketing deal,,,,
CW_TGT_20230522,Target,TGT,2023-05-22,PRIDE collection backlash from conservative groups,firm_initiated,months,high,PRIDE collection — seasonal product line planned months ahead,,,,
CW_CTRL_WMT_20230522,[Control for CW_TGT_20230522],WMT,2023-05-22,PRIDE collection backlash from conservative groups,firm_initiated,months,high,Control event; inherits treatment coding. PRIDE collection — seasonal product line planned months ahead,,,,
CW_MDLZ_20230801,Skittles,MDLZ,2023-08-01,'Black Trans Lives Matter' packaging criticized by conservatives,firm_initiated,months,high,Product packaging redesign — months of planning,,,,
CW_CTRL_HSY_20230801,[Control for CW_MDLZ_20230801],HSY,2023-08-01,'Black Trans Lives Matter' packaging criticized by conservatives,firm_initiated,months,high,Control event; inherits treatment coding. Product packaging redesign — months of planning,,,,
CW_PVH_20240601,Calvin Klein,PVH,2024-06-01,Pulled back on PRIDE campaign after facing public criticism,reactive,days,high,Pulled back on PRIDE campaign after public criticism — external trigger: prior backlash,,,,
CW_CTRL_RL_20240601,[Control for CW_PVH_20240601],RL,2024-06-01,Pulled back on PRIDE campaign after facing public criticism,reactive,days,high,Control event; inherits treatment coding. Pulled back on PRIDE campaign after public criticism — external trigger: prior backlash,,,,
CW_SBUX_20180316,Starbucks,SBUX,2018-03-16,'Race Together' anti-bias campaign faced ridicule,firm_initiated,months,high,Race Together campaign — planned corporate initiative,,,,
CW_CTRL_DNKN_20180316,[Control for CW_SBUX_20180316],DNKN,2018-03-16,'Race Together' anti-bias campaign faced ridicule,firm_initiated,months,high,Control event; inherits treatment coding. Race Together campaign — planned corporate initiative,,,,
CW_HNNMY_20180108,H&M,HNNMY,2018-01-08,'Coolest monkey' hoodie sparked racial outrage,firm_initiated,months,high,Product design (hoodie) — months of product development,,,,
CW_CTRL_GPS_20180108,[Control for CW_HNNMY_20180108],GPS,2018-01-08,'Coolest monkey' hoodie sparked racial outrage,firm_initiated,months,high,Control event; inherits treatment coding. Product design (hoodie) — months of product development,,,,
CW_PG_20190113,Gillette,PG,2019-01-13,Toxic masculinity ad drew #MeToo-related backlash,firm_initiated,months,high,Toxic masculinity ad — planned Super Bowl-adjacent campaign,,,,
CW_CTRL_EPC_20190113,[Control for CW_PG_20190113],EPC,2019-01-13,Toxic masculinity ad drew #MeToo-related backlash,firm_initiated,months,high,Control event; inherits treatment coding. Toxic masculinity ad — planned Super Bowl-adjacent campaign,,,,
CW_UL_20210719,Ben & Jerry’s,UL,2021-07-19,Ended sales in Israeli-occupied territories; accused of antisemitism,firm_initiated,weeks,high,Ended sales in Israeli-occupied territories — deliberate corporate policy change,,,,
CW_CTRL_NSRGY_20210719,[Control for CW_UL_20210719],NSRGY,2021-07-19,Ended sales in Israeli-occupied territories; accused of antisemitism,firm_initiated,weeks,high,Control event; inherits treatment coding. Ended sales in Israeli-occupied territories — deliberate corporate policy change,,,,
CW_DAL_20180225,Delta Air Lines,DAL,2018-02-25,Cut NRA discount; conservative backlash and state tax threat,firm_initiated,days,high,Cut NRA discount — firm policy decision,,,,
CW_CTRL_UAL_20180225,[Control for CW_DAL_20180225],UAL,2018-02-25,Cut NRA discount; conservative backlash and state tax threat,firm_initiated,days,high,Control event; inherits treatment coding. Cut NRA discount — firm policy decision,,,,
CW_PZZA_20171101,Papa John’s,PZZA,2017-11-01,CEO criticized NFL protests; faced backlash and CEO resignation,firm_initiated,hours,high,CEO criticized NFL protests — executive public statement,,,,
CW_CTRL_DPZ_20171101,[Control for CW_PZZA_20171101],DPZ,2017-11-01,CEO criticized NFL protests; faced backlash and CEO resignation,firm_initiated,hours,high,Control event; inherits treatment coding. CEO criticized NFL protests — executive public statement,,,,
CW_Private_20200709,Goya Foods,Private,2020-07-09,CEO praised Trump; boycott from liberal consumers,firm_initiated,hours,low,CEO praised Trump — executive statement; ticker is Private,,,,
CW_CTRL_CPB_20200709,[Control for CW_Private_20200709],CPB,2020-07-09,CEO praised Trump; boycott from liberal consumers,firm_initiated,hours,low,Control event; inherits treatment coding. CEO praised Trump — executive statement; ticker is Private,,,,
CW_Private_20120716,Chick-fil-A,Private,2012-07-16,CEO comments and donations to anti-LGBTQ groups triggered boycotts,firm_initiated,hours,low,CEO anti-LGBTQ comments/donations — executive statement; ticker is Private,,,,
CW_CTRL_MCD_20120716,[Control for CW_Private_20120716],MCD,2012-07-16,CEO comments and donations to anti-LGBTQ groups triggered boycotts,firm_initiated,hours,low,Control event; inherits treatment coding. CEO anti-LGBTQ comments/donations — executive statement; ticker is Private,,,,
CW_HEINY_20180326,Heineken,HEINY,2018-03-26,'Lighter is better' ad seen as racially insensitive,firm_initiated,months,high,"""Lighter is better"" ad — planned advertising campaign",,,,
CW_CTRL_SAM_20180326,[Control for CW_HEINY_20180326],SAM,2018-03-26,'Lighter is better' ad seen as racially insensitive,firm_initiated,months,high,"Control event; inherits treatment coding. ""Lighter is better"" ad — planned advertising campaign",,,,
CW_VWAGY_20170205,Audi,VWAGY,2017-02-05,Equal pay Super Bowl ad criticized as hypocritical,firm_initiated,months,high,Equal pay Super Bowl ad — planned months ahead,,,,
CW_CTRL_BMWYY_20170205,[Control for CW_VWAGY_20170205],BMWYY,2017-02-05,Equal pay Super Bowl ad criticized as hypocritical,firm_initiated,months,high,Control event; inherits treatment coding. Equal pay Super Bowl ad — planned months ahead,,,,
CW_UAA_20170208,Under Armour,UAA,2017-02-08,CEO praised Trump; consumer backlash followed,firm_initiated,hours,high,CEO praised Trump — executive public statement,,,,
CW_CTRL_COLM_20170208,[Control for CW_UAA_20170208],COLM,2017-02-08,CEO praised Trump; consumer backlash followed,firm_initiated,hours,high,Control event; inherits treatment coding. CEO praised Trump — executive public statement,,,,
CW_GMCR_20181112,Keurig,GMCR,2018-11-12,Pulled ads from conservative show; faced destruction of products by viewers,firm_initiated,days,high,Pulled ads from conservative show — firm advertising placement decision,,,,
CW_CTRL_PEP_20181112,[Control for CW_GMCR_20181112],PEP,2018-11-12,Pulled ads from conservative show; faced destruction of products by viewers,firm_initiated,days,high,Control event; inherits treatment coding. Pulled ads from conservative show — firm advertising placement decision,,,,
CW_Private_20200601,Lush Cosmetics,Private,2020-06-01,Anti-fracking and animal testing activism polarized consumers,external,hours,low,Anti-fracking and animal testing activism — external activist campaign; ticker is Private,,,,
CW_CTRL_ELF_20200601,[Control for CW_Private_20200601],ELF,2020-06-01,Anti-fracking and animal testing activism polarized consumers,external,hours,low,Control event; inherits treatment coding. Anti-fracking and animal testing activism — external activist campaign; ticker is Private,,,,
CW_NFLX_20200909,Netflix,NFLX,2020-09-09,'Cuties' film accused of promoting child exploitation,firm_initiated,months,high,Cuties licensing/release — content acquisition decision,,,,
CW_CTRL_PARA_20200909,[Control for CW_NFLX_20200909],PARA,2020-09-09,'Cuties' film accused of promoting child exploitation,firm_initiated,months,high,Control event; inherits treatment coding. Cuties licensing/release — content acquisition decision,,,,
CW_VSCO_20121101,Victoria’s Secret,VSCO,2012-11-01,Cultural appropriation during fashion shows drew criticism,firm_initiated,months,high,Fashion show content — planned production,,,,
CW_CTRL_AEO_20121101,[Control for CW_VSCO_20121101],AEO,2012-11-01,Cultural appropriation during fashion shows drew criticism,firm_initiated,months,high,Control event; inherits treatment coding. Fashion show content — planned production,,,,
CW_Private_20181121,Dolce & Gabbana,Private,2018-11-21,Racist chopsticks ad targeting Chinese culture,firm_initiated,months,low,Racist chopsticks ad — firm ad campaign; ticker is Private,,,,
CW_CTRL_PRDSY_20181121,[Control for CW_Private_20181121],PRDSY,2018-11-21,Racist chopsticks ad targeting Chinese culture,firm_initiated,months,low,Control event; inherits treatment coding. Racist chopsticks ad — firm ad campaign; ticker is Private,,,,
CW_Private_20200615,Brandy Melville,Private,2020-06-15,Body-image and racism allegations in hiring practices,external,hours,low,Body-image and racism allegations — external allegations; ticker is Private,,,,
CW_CTRL_AEO_20200615,[Control for CW_Private_20200615],AEO,2020-06-15,Body-image and racism allegations in hiring practices,external,hours,low,Control event; inherits treatment coding. Body-image and racism allegations — external allegations; ticker is Private,,,,
CW_UL_20200625,Glow & Lovely,UL,2020-06-25,Colorism controversy over skin-whitening marketing in India,firm_initiated,months,medium,Colorism in skin-whitening marketing — firm product marketing strategy,,,,
CW_CTRL_PG_20200625,[Control for CW_UL_20200625],PG,2020-06-25,Colorism controversy over skin-whitening marketing in India,firm_initiated,months,medium,Control event; inherits treatment coding. Colorism in skin-whitening marketing — firm product marketing strategy,,,,
CW_MA_20220601,Mastercard,MA,2022-06-01,Faced pressure to withdraw PRIDE sponsorships,external,days,medium,Pressure to withdraw PRIDE sponsorships — external pressure campaign,,,,
CW_CTRL_V_20220601,[Control for CW_MA_20220601],V,2022-06-01,Faced pressure to withdraw PRIDE sponsorships,external,days,medium,Control event; inherits treatment coding. Pressure to withdraw PRIDE sponsorships — external pressure campaign,,,,
CW_PEP_20220605,PepsiCo,PEP,2022-06-05,Faced backlash over perceived PRIDE support in conservative circles,firm_initiated,weeks,medium,Perceived PRIDE support — firm branding/marketing stance,,,,
CW_CTRL_KO_20220605,[Control for CW_PEP_20220605],KO,2022-06-05,Faced backlash over perceived PRIDE support in conservative circles,firm_initiated,weeks,medium,Control event; inherits treatment coding. Perceived PRIDE support — firm branding/marketing stance,,,,
CW_ANF_20020412,Abercrombie & Fitch,ANF,2002-04-12,Asian-caricature T-shirts pulled after protests,firm_initiated,months,high,Asian-caricature T-shirts — product design,,,,
CW_CTRL_AEO_20020412,[Control for CW_ANF_20020412],AEO,2002-04-12,Asian-caricature T-shirts pulled after protests,firm_initiated,months,high,Control event; inherits treatment coding. Asian-caricature T-shirts — product design,,,,
CW_TAP_20041011,Molson Coors,TAP,2004-10-11,Boycott over extending same-sex benefits in Colorado,external,days,medium,Boycott over same-sex benefits — boycott was external reaction to firm policy,,,,
CW_CTRL_DEO_20041011,[Control for CW_TAP_20041011],DEO,2004-10-11,Boycott over extending same-sex benefits in Colorado,external,days,medium,Control event; inherits treatment coding. Boycott over same-sex benefits — boycott was external reaction to firm policy,,,,
CW_F_20050610,Ford Motor,F,2005-06-10,Conservative boycott over pro-LGBT magazine ads,external,days,medium,Conservative boycott over pro-LGBT magazine ads — boycott was external reaction,,,,
CW_CTRL_GM_20050610,[Control for CW_F_20050610],GM,2005-06-10,Conservative boycott over pro-LGBT magazine ads,external,days,medium,Control event; inherits treatment coding. Conservative boycott over pro-LGBT magazine ads — boycott was external reaction,,,,
CW_WMT_20061120,Walmart,WMT,2006-11-20,Backlash over donations to gay-rights groups,firm_initiated,weeks,high,Donations to gay-rights groups — firm charitable giving,,,,
CW_CTRL_COST_20061120,[Control for CW_WMT_20061120],COST,2006-11-20,Backlash over donations to gay-rights groups,firm_initiated,weeks,high,Control event; inherits treatment coding. Donations to gay-rights groups — firm charitable giving,,,,
CW_HD_20070914,Home Depot,HD,2007-09-14,Pride parade sponsorship sparks conservative boycott,firm_initiated,weeks,high,Pride parade sponsorship — firm sponsorship decision,,,,
CW_CTRL_LOW_20070914,[Control for CW_HD_20070914],LOW,2007-09-14,Pride parade sponsorship sparks conservative boycott,firm_initiated,weeks,high,Control event; inherits treatment coding. Pride parade sponsorship — firm sponsorship decision,,,,
CW_KO_20081114,Coca-Cola,KO,2008-11-14,Pulls support from Prop 8 opponents,firm_initiated,days,medium,Pulled support from Prop 8 opponents — firm charitable/political stance,,,,
CW_CTRL_PEP_20081114,[Control for CW_KO_20081114],PEP,2008-11-14,Pulls support from Prop 8 opponents,firm_initiated,days,medium,Control event; inherits treatment coding. Pulled support from Prop 8 opponents — firm charitable/political stance,,,,
CW_WFM_20090812,Whole Foods Market,WFM,2009-08-12,Boycott after CEO's anti-Obamacare op-ed,firm_initiated,hours,high,CEO anti-Obamacare op-ed — executive published statement,,,,
CW_CTRL_KR_20090812,[Control for CW_WFM_20090812],KR,2009-08-12,Boycott after CEO's anti-Obamacare op-ed,firm_initiated,hours,high,Control event; inherits treatment coding. CEO anti-Obamacare op-ed — executive published statement,,,,
CW_SBUX_20100504,Starbucks,SBUX,2010-05-04,Arizona immigration law boycott calls,external,hours,medium,Arizona immigration law boycott calls — external political event triggered boycott of firm,,,,
CW_CTRL_DNKN_20100504,[Control for CW_SBUX_20100504],DNKN,2010-05-04,Arizona immigration law boycott calls,external,hours,medium,Control event; inherits treatment coding. Arizona immigration law boycott calls — external political event triggered boycott of firm,,,,
CW_LOW_20111211,Lowe's,LOW,2011-12-11,Pulls ads from 'All-American Muslim' reality show,firm_initiated,days,high,Pulled ads from reality show — firm advertising decision,,,,
CW_CTRL_HD_20111211,[Control for CW_LOW_20111211],HD,2011-12-11,Pulls ads from 'All-American Muslim' reality show,firm_initiated,days,high,Control event; inherits treatment coding. Pulled ads from reality show — firm advertising decision,,,,
CW_KR_20111216,Kroger,KR,2011-12-16,Accused of 'war on Christmas' over generic decor,external,hours,medium,"Accused of ""war on Christmas"" — external media/activist framing",,,,
CW_CTRL_ACI_20111216,[Control for CW_KR_20111216],ACI,2011-12-16,Accused of 'war on Christmas' over generic decor,external,hours,medium,"Control event; inherits treatment coding. Accused of ""war on Christmas"" — external media/activist framing",,,,
CW_JCP_20120207,J.C. Penney,JCP,2012-02-07,Names Ellen DeGeneres spokeswoman leading to boycott,firm_initiated,weeks,high,Named Ellen DeGeneres spokeswoman — firm marketing decision,,,,
CW_CTRL_KSS_20120207,[Control for CW_JCP_20120207],KSS,2012-02-07,Names Ellen DeGeneres spokeswoman leading to boycott,firm_initiated,weeks,high,Control event; inherits treatment coding. Named Ellen DeGeneres spokeswoman — firm marketing decision,,,,
CW_SBUX_20120321,Starbucks,SBUX,2012-03-21,Shareholder clash over same-sex marriage stance,firm_initiated,weeks,medium,Shareholder clash over same-sex marriage stance — firm maintained existing policy,,,,
CW_CTRL_DNKN_20120321,[Control for CW_SBUX_20120321],DNKN,2012-03-21,Shareholder clash over same-sex marriage stance,firm_initiated,weeks,medium,Control event; inherits treatment coding. Shareholder clash over same-sex marriage stance — firm maintained existing policy,,,,
CW_M_20130104,Macy's,M,2013-01-04,Fires employee refusing transgender locker-room policy,firm_initiated,days,high,Fired employee over transgender policy — firm personnel action,,,,
CW_CTRL_JWN_20130104,[Control for CW_M_20130104],JWN,2013-01-04,Fires employee refusing transgender locker-room policy,firm_initiated,days,high,Control event; inherits treatment coding. Fired employee over transgender policy — firm personnel action,,,,
CW_BLU_20130926,Barilla,BLU,2013-09-26,Chairman's anti-gay remarks ignite pasta boycott,firm_initiated,hours,high,Chairman anti-gay remarks — executive public statement,,,,
CW_CTRL_GIS_20130926,[Control for CW_BLU_20130926],GIS,2013-09-26,Chairman's anti-gay remarks ignite pasta boycott,firm_initiated,hours,high,Control event; inherits treatment coding. Chairman anti-gay remarks — executive public statement,,,,
CW_GPS_20131102,Gap,GPS,2013-11-02,'Merry Everything' campaign criticized,firm_initiated,months,high,"""Merry Everything"" campaign — planned seasonal marketing",,,,
CW_CTRL_AEO_20131102,[Control for CW_GPS_20131102],AEO,2013-11-02,'Merry Everything' campaign criticized,firm_initiated,months,high,"Control event; inherits treatment coding. ""Merry Everything"" campaign — planned seasonal marketing",,,,
CW_KO_20140202,Coca-Cola,KO,2014-02-02,Multilingual Super Bowl ad backlash,firm_initiated,months,high,Multilingual Super Bowl ad — planned months ahead,,,,
CW_CTRL_PEP_20140202,[Control for CW_KO_20140202],PEP,2014-02-02,Multilingual Super Bowl ad backlash,firm_initiated,months,high,Control event; inherits treatment coding. Multilingual Super Bowl ad — planned months ahead,,,,
CW_DIS_20140310,Disney,DIS,2014-03-10,Threatens Georgia boycott over religious liberty bill,firm_initiated,days,high,Threatened Georgia boycott over religious liberty bill — firm public position,,,,
CW_CTRL_CMCSA_20140310,[Control for CW_DIS_20140310],CMCSA,2014-03-10,Threatens Georgia boycott over religious liberty bill,firm_initiated,days,high,Control event; inherits treatment coding. Threatened Georgia boycott over religious liberty bill — firm public position,,,,
CW_MO_20141203,Altria Group,MO,2014-12-03,'I Can’t Breathe' T-shirt controversy,firm_initiated,hours,high,"""I Can't Breathe"" T-shirt controversy — athlete/team decision",,,,
CW_CTRL_PM_20141203,[Control for CW_MO_20141203],PM,2014-12-03,'I Can’t Breathe' T-shirt controversy,firm_initiated,hours,high,"Control event; inherits treatment coding. ""I Can't Breathe"" T-shirt controversy — athlete/team decision",,,,
CW_SBUX_20150316,Starbucks,SBUX,2015-03-16,'Race Together' campaign backlash,firm_initiated,weeks,high,"""Race Together"" campaign — planned corporate initiative by firm",,,,
CW_CTRL_DNKN_20150316,[Control for CW_SBUX_20150316],DNKN,2015-03-16,'Race Together' campaign backlash,firm_initiated,weeks,high,"Control event; inherits treatment coding. ""Race Together"" campaign — planned corporate initiative by firm",,,,
CW_CRM_20150326,Salesforce,CRM,2015-03-26,Indiana RFRA pull-out threat,firm_initiated,days,high,Indiana RFRA pull-out threat — firm threatened to relocate operations,,,,
CW_CTRL_ADBE_20150326,[Control for CW_CRM_20150326],ADBE,2015-03-26,Indiana RFRA pull-out threat,firm_initiated,days,high,Control event; inherits treatment coding. Indiana RFRA pull-out threat — firm threatened to relocate operations,,,,
CW_AAPL_20150329,Apple,AAPL,2015-03-29,Tim Cook condemns RFRA sparking boycott,firm_initiated,hours,high,Tim Cook condemned RFRA — executive public statement,,,,
CW_CTRL_MSFT_20150329,[Control for CW_AAPL_20150329],MSFT,2015-03-29,Tim Cook condemns RFRA sparking boycott,firm_initiated,hours,high,Control event; inherits treatment coding. Tim Cook condemned RFRA — executive public statement,,,,
CW_NKE_20150713,Nike,NKE,2015-07-13,Stops selling Confederate flag apparel,firm_initiated,days,high,Stopped selling Confederate flag apparel — firm retail policy,,,,
CW_CTRL_UAA_20150713,[Control for CW_NKE_20150713],UAA,2015-07-13,Stops selling Confederate flag apparel,firm_initiated,days,high,Control event; inherits treatment coding. Stopped selling Confederate flag apparel — firm retail policy,,,,
CW_PEP_20151228,PepsiCo,PEP,2015-12-28,#CrackerJack patriotism ad controversy,firm_initiated,months,high,Cracker Jack patriotism ad — planned campaign,,,,
CW_CTRL_KO_20151228,[Control for CW_PEP_20151228],KO,2015-12-28,#CrackerJack patriotism ad controversy,firm_initiated,months,high,Control event; inherits treatment coding. Cracker Jack patriotism ad — planned campaign,,,,
CW_DIS_20160323,Disney,DIS,2016-03-23,Georgia anti-LGBT bill threat again,firm_initiated,days,high,Georgia anti-LGBT bill threat — firm public position,,,,
CW_CTRL_CMCSA_20160323,[Control for CW_DIS_20160323],CMCSA,2016-03-23,Georgia anti-LGBT bill threat again,firm_initiated,days,high,Control event; inherits treatment coding. Georgia anti-LGBT bill threat — firm public position,,,,
CW_PYPL_20160405,PayPal,PYPL,2016-04-05,Cancels Charlotte expansion over HB2,firm_initiated,weeks,high,Cancelled Charlotte expansion over HB2 — firm location decision,,,,
CW_CTRL_SQ_20160405,[Control for CW_PYPL_20160405],SQ,2016-04-05,Cancels Charlotte expansion over HB2,firm_initiated,weeks,high,Control event; inherits treatment coding. Cancelled Charlotte expansion over HB2 — firm location decision,,,,
CW_DB_20160412,Deutsche Bank,DB,2016-04-12,Freezes NC hiring over HB2,firm_initiated,weeks,high,Froze NC hiring over HB2 — firm HR policy,,,,
CW_CTRL_UBS_20160412,[Control for CW_DB_20160412],UBS,2016-04-12,Freezes NC hiring over HB2,firm_initiated,weeks,high,Control event; inherits treatment coding. Froze NC hiring over HB2 — firm HR policy,,,,
CW_TGT_20160419,Target,TGT,2016-04-19,Transgender bathroom policy backlash,firm_initiated,weeks,high,Transgender bathroom policy — firm HR/store policy,,,,
CW_CTRL_WMT_20160419,[Control for CW_TGT_20160419],WMT,2016-04-19,Transgender bathroom policy backlash,firm_initiated,weeks,high,Control event; inherits treatment coding. Transgender bathroom policy — firm HR/store policy,,,,
CW_WFC_20160510,Wells Fargo,WFC,2016-05-10,Boycott over LGBT adoption ads,firm_initiated,months,high,LGBT adoption ads — planned advertising,,,,
CW_CTRL_JPM_20160510,[Control for CW_WFC_20160510],JPM,2016-05-10,Boycott over LGBT adoption ads,firm_initiated,months,high,Control event; inherits treatment coding. LGBT adoption ads — planned advertising,,,,
CW_ORCL_20160617,Oracle,ORCL,2016-06-17,Execs quit Trump council sparking boycott,firm_initiated,hours,high,Execs quit Trump council — executive personnel decision,,,,
CW_CTRL_SAP_20160617,[Control for CW_ORCL_20160617],SAP,2016-06-17,Execs quit Trump council sparking boycott,firm_initiated,hours,high,Control event; inherits treatment coding. Execs quit Trump council — executive personnel decision,,,,
CW_SBUX_20161212,Starbucks,SBUX,2016-12-12,#TrumpCup viral protest,external,hours,medium,#TrumpCup viral protest — external political action by consumers,,,,
CW_CTRL_DNKN_20161212,[Control for CW_SBUX_20161212],DNKN,2016-12-12,#TrumpCup viral protest,external,hours,medium,Control event; inherits treatment coding. #TrumpCup viral protest — external political action by consumers,,,,
CW_DAL_20170129,Delta Air Lines,DAL,2017-01-29,Immigration-ban waiver backlash,reactive,hours,medium,Immigration-ban waiver — firm action reactive to executive order,,,,
CW_CTRL_AAL_20170129,[Control for CW_DAL_20170129],AAL,2017-01-29,Immigration-ban waiver backlash,reactive,hours,medium,Control event; inherits treatment coding. Immigration-ban waiver — firm action reactive to executive order,,,,
CW_JWN_20170202,Nordstrom,JWN,2017-02-02,Drops Ivanka Trump brand,firm_initiated,days,high,Dropped Ivanka Trump brand — firm retail decision,,,,
CW_CTRL_M_20170202,[Control for CW_JWN_20170202],M,2017-02-02,Drops Ivanka Trump brand,firm_initiated,days,high,Control event; inherits treatment coding. Dropped Ivanka Trump brand — firm retail decision,,,,
CW_PEP_20170329,PepsiCo,PEP,2017-03-29,Kendall Jenner protest ad backlash,firm_initiated,months,high,Kendall Jenner protest ad — planned campaign,,,,
CW_CTRL_KO_20170329,[Control for CW_PEP_20170329],KO,2017-03-29,Kendall Jenner protest ad backlash,firm_initiated,months,high,Control event; inherits treatment coding. Kendall Jenner protest ad — planned campaign,,,,
CW_FDX_20170815,FedEx,FDX,2017-08-15,NRA shipping perk controversy,firm_initiated,weeks,medium,NRA shipping perk — firm had existing commercial arrangement,,,,
CW_CTRL_UPS_20170815,[Control for CW_FDX_20170815],UPS,2017-08-15,NRA shipping perk controversy,firm_initiated,weeks,medium,Control event; inherits treatment coding. NRA shipping perk — firm had existing commercial arrangement,,,,
CW_KDP_20171112,Keurig Dr Pepper,KDP,2017-11-12,Pulls ads from Hannity show,firm_initiated,days,high,Pulled ads from Hannity show — firm advertising decision,,,,
CW_CTRL_KO_20171112,[Control for CW_KDP_20171112],KO,2017-11-12,Pulls ads from Hannity show,firm_initiated,days,high,Control event; inherits treatment coding. Pulled ads from Hannity show — firm advertising decision,,,,
CW_DKS_20180228,Dick's Sporting Goods,DKS,2018-02-28,Bans assault-style rifles,firm_initiated,days,high,Banned assault-style rifles — firm retail policy,,,,
CW_CTRL_HIBB_20180228,[Control for CW_DKS_20180228],HIBB,2018-02-28,Bans assault-style rifles,firm_initiated,days,high,Control event; inherits treatment coding. Banned assault-style rifles — firm retail policy,,,,
CW_WMT_20180228,Walmart,WMT,2018-02-28,Raises gun purchase age,firm_initiated,days,high,Raised gun purchase age — firm retail policy,,,,
CW_CTRL_COST_20180228,[Control for CW_WMT_20180228],COST,2018-02-28,Raises gun purchase age,firm_initiated,days,high,Control event; inherits treatment coding. Raised gun purchase age — firm retail policy,,,,
CW_UAL_20180228,United Airlines,UAL,2018-02-28,Ends NRA discount,firm_initiated,days,high,Ended NRA discount — firm policy decision,,,,
CW_CAR_20180228,Avis Budget Group,CAR,2018-02-28,Ends NRA discount,firm_initiated,days,high,Ended NRA discount — firm policy decision,,,,
CW_HTZ_20180228,Hertz,HTZ,2018-02-28,Ends NRA discount,firm_initiated,days,high,Ended NRA discount — firm policy decision,,,,
CW_MET_20180228,MetLife,MET,2018-02-28,Ends NRA program,firm_initiated,days,high,Ended NRA program — firm policy decision,,,,
CW_DAL_20180301,Delta Air Lines,DAL,2018-03-01,Loses tax break over NRA stance,external,hours,high,Lost state tax break — Georgia legislative retaliation against firm,,,,
CW_CTRL_AAL_20180301,[Control for CW_DAL_20180301],AAL,2018-03-01,Loses tax break over NRA stance,external,hours,high,Control event; inherits treatment coding. Lost state tax break — Georgia legislative retaliation against firm,,,,
CW_PZZA_20180711,Papa John's,PZZA,2018-07-11,Founder uses racial slur,firm_initiated,hours,high,Founder used racial slur — executive statement,,,,
CW_PG_20190114,Procter & Gamble,PG,2019-01-14,Gillette toxic masculinity ad,firm_initiated,months,high,Gillette toxic masculinity ad — planned campaign,,,,
CW_GOOGL_20190202,Alphabet,GOOGL,2019-02-02,Employee walkout over military AI project,external,hours,medium,Employee walkout over military AI project — employee collective action,,,,
CW_CTRL_MSFT_20190202,[Control for CW_GOOGL_20190202],MSFT,2019-02-02,Employee walkout over military AI project,external,hours,medium,Control event; inherits treatment coding. Employee walkout over military AI project — employee collective action,,,,
CW_W_20190625,Wayfair,W,2019-06-25,Walkout over ICE contracts,external,hours,medium,Walkout over ICE contracts — employee collective action,,,,
CW_NKE_20190703,Nike,NKE,2019-07-03,Pulls Betsy Ross flag sneaker,firm_initiated,days,high,Pulled Betsy Ross flag sneaker — product recall decision,,,,
CW_CTRL_UAA_20190703,[Control for CW_NKE_20190703],UAA,2019-07-03,Pulls Betsy Ross flag sneaker,firm_initiated,days,high,Control event; inherits treatment coding. Pulled Betsy Ross flag sneaker — product recall decision,,,,
CW_DIS_20191008,Disney,DIS,2019-10-08,ESPN tied to NBA Hong Kong controversy,external,hours,medium,ESPN tied to NBA Hong Kong controversy — external geopolitical event,,,,
CW_CTRL_CMCSA_20191008,[Control for CW_DIS_20191008],CMCSA,2019-10-08,ESPN tied to NBA Hong Kong controversy,external,hours,medium,Control event; inherits treatment coding. ESPN tied to NBA Hong Kong controversy — external geopolitical event,,,,
CW_PTON_20191203,Peloton,PTON,2019-12-03,Sexist 'Peloton Wife' ad,firm_initiated,months,high,Peloton Wife ad — planned holiday campaign,,,,
CW_TWTR_20200529,Twitter,TWTR,2020-05-29,Flags Trump tweet leading to boycott,firm_initiated,hours,high,Flagged Trump tweet — platform moderation decision by firm,,,,
CW_KO_20200617,Coca-Cola,KO,2020-06-17,Backlash over BLM statements,firm_initiated,days,high,BLM statements — firm public position statement,,,,
CW_CTRL_PEP_20200617,[Control for CW_KO_20200617],PEP,2020-06-17,Backlash over BLM statements,firm_initiated,days,high,Control event; inherits treatment coding. BLM statements — firm public position statement,,,,
CW_COST_20200710,Costco,COST,2020-07-10,Mask mandate boycott calls,firm_initiated,days,high,Mask mandate — firm operational policy,,,,
CW_CTRL_BJ_20200710,[Control for CW_COST_20200710],BJ,2020-07-10,Mask mandate boycott calls,firm_initiated,days,high,Control event; inherits treatment coding. Mask mandate — firm operational policy,,,,
CW_WBA_20201020,Walgreens,WBA,2020-10-20,Abortion drug refusal controversy,firm_initiated,days,medium,Abortion drug refusal — firm pharmacy policy,,,,
CW_DAL_20210331,Delta Air Lines,DAL,2021-03-31,Opposes Georgia voting law,reactive,days,high,Opposed Georgia voting law — external trigger: Georgia SB 202 signed,,,,
CW_CTRL_AAL_20210331,[Control for CW_DAL_20210331],AAL,2021-03-31,Opposes Georgia voting law,reactive,days,high,Control event; inherits treatment coding. Opposed Georgia voting law — external trigger: Georgia SB 202 signed,,,,
CW_KO_20210331,Coca-Cola,KO,2021-03-31,Opposes Georgia voting law,reactive,days,high,Opposed Georgia voting law — external trigger: Georgia SB 202 signed,,,,
CW_CTRL_PEP_20210331,[Control for CW_KO_20210331],PEP,2021-03-31,Opposes Georgia voting law,reactive,days,high,Control event; inherits treatment coding. Opposed Georgia voting law — external trigger: Georgia SB 202 signed,,,,
CW_HD_20210414,Home Depot,HD,2021-04-14,Refuses stance on voting law facing both-side boycott,reactive,days,medium,Refused to take stance on voting law — external trigger: Georgia SB 202 and peer pressure,,,,
CW_CTRL_LOW_20210414,[Control for CW_HD_20210414],LOW,2021-04-14,Refuses stance on voting law facing both-side boycott,reactive,days,medium,Control event; inherits treatment coding. Refused to take stance on voting law — external trigger: Georgia SB 202 and peer pressure,,,,
CW_AMZN_20210601,Amazon,AMZN,2021-06-01,Pulls Pride items in UAE leading to backlash,reactive,days,medium,Pulled Pride items in UAE — external trigger: UAE government pressure,,,,
CW_CTRL_EBAY_20210601,[Control for CW_AMZN_20210601],EBAY,2021-06-01,Pulls Pride items in UAE leading to backlash,reactive,days,medium,Control event; inherits treatment coding. Pulled Pride items in UAE — external trigger: UAE government pressure,,,,
CW_NFLX_20211020,Netflix,NFLX,2021-10-20,Chappelle special walkout,firm_initiated,months,high,Chappelle special — content licensing decision,,,,
CW_CTRL_WBD_20211020,[Control for CW_NFLX_20211020],WBD,2021-10-20,Chappelle special walkout,firm_initiated,months,high,Control event; inherits treatment coding. Chappelle special — content licensing decision,,,,
CW_SPOT_20220130,Spotify,SPOT,2022-01-30,Joe Rogan misinformation controversy,external,hours,medium,Joe Rogan misinformation controversy — external content creator's actions on firm's platform,,,,
CW_CTRL_SIRI_20220130,[Control for CW_SPOT_20220130],SIRI,2022-01-30,Joe Rogan misinformation controversy,external,hours,medium,Control event; inherits treatment coding. Joe Rogan misinformation controversy — external content creator's actions on firm's platform,,,,
CW_DIS_20220311,Disney,DIS,2022-03-11,'Don't Say Gay' internal revolt,reactive,days,high,"""Don't Say Gay"" internal revolt — employees reacted to Florida HB 1557; DIS then responded",,,,
CW_CTRL_CMCSA_20220311,[Control for CW_DIS_20220311],CMCSA,2022-03-11,'Don't Say Gay' internal revolt,reactive,days,high,"Control event; inherits treatment coding. ""Don't Say Gay"" internal revolt — employees reacted to Florida HB 1557; DIS then responded",,,,
CW_CHTR_20220413,Charter Communications,CHTR,2022-04-13,Fox News ad controversy,firm_initiated,days,medium,Fox News ad controversy — unclear if firm pulled ads or was targeted,,,,
CW_CTRL_ATUS_20220413,[Control for CW_CHTR_20220413],ATUS,2022-04-13,Fox News ad controversy,firm_initiated,days,medium,Control event; inherits treatment coding. Fox News ad controversy — unclear if firm pulled ads or was targeted,,,,
CW_TSLA_20221018,Tesla,TSLA,2022-10-18,Musk endorses GOP midterms leading to boycott,firm_initiated,hours,high,Musk endorsed GOP midterms — executive public statement,,,,
CW_CTRL_GM_20221018,[Control for CW_TSLA_20221018],GM,2022-10-18,Musk endorses GOP midterms leading to boycott,firm_initiated,hours,high,Control event; inherits treatment coding. Musk endorsed GOP midterms — executive public statement,,,,
CW_LULU_20221217,Lululemon,LULU,2022-12-17,Fires employees confronting shoplifters,firm_initiated,weeks,high,Fired employees confronting shoplifters — firm personnel action,,,,
CW_CTRL_GPS_20221217,[Control for CW_LULU_20221217],GPS,2022-12-17,Fires employees confronting shoplifters,firm_initiated,weeks,low,Control; treatment not specifically coded,,,,
CW_TGT_20230524,Target,TGT,2023-05-24,Pride kidswear backlash,firm_initiated,months,high,Pride kidswear — seasonal product line,,,,
CW_CTRL_WMT_20230524,[Control for CW_TGT_20230524],WMT,2023-05-24,Pride kidswear backlash,firm_initiated,months,high,Control event; inherits treatment coding. Pride kidswear — seasonal product line,,,,
CW_VFC_20230530,VF Corp,VFC,2023-05-30,North Face Pride ad,firm_initiated,months,high,North Face Pride ad — planned seasonal campaign,,,,
CW_CTRL_PVH_20230530,[Control for CW_VFC_20230530],PVH,2023-05-30,North Face Pride ad,firm_initiated,months,high,Control event; inherits treatment coding. North Face Pride ad — planned seasonal campaign,,,,
CW_KSS_20230531,Kohl's,KSS,2023-05-31,Pride baby clothes backlash,firm_initiated,months,high,Pride baby clothes — product line decision,,,,
CW_CTRL_JCP_20230531,[Control for CW_KSS_20230531],JCP,2023-05-31,Pride baby clothes backlash,firm_initiated,months,high,Control event; inherits treatment coding. Pride baby clothes — product line decision,,,,
CW_ADDYY_20230608,Adidas,ADDYY,2023-06-08,Pride swimwear controversy,firm_initiated,months,high,Pride swimwear — product line decision,,,,
CW_CTRL_PUMSY_20230608,[Control for CW_ADDYY_20230608],PUMSY,2023-06-08,Pride swimwear controversy,firm_initiated,months,high,Control event; inherits treatment coding. Pride swimwear — product line decision,,,,
CW_BBWI_20230615,Bath & Body Works,BBWI,2023-06-15,Pride candles backlash,firm_initiated,months,high,Pride candles — product line decision,,,,
CW_CTRL_ULTA_20230615,[Control for CW_BBWI_20230615],ULTA,2023-06-15,Pride candles backlash,firm_initiated,months,high,Control event; inherits treatment coding. Pride candles — product line decision,,,,
CW_AXP_20231127,American Express,AXP,2023-11-27,'Woke scorecard' GOP hearings,external,hours,high,"GOP hearings / ""woke scorecard"" — government action directed at firm",,,,
CW_CTRL_DFS_20231127,[Control for CW_AXP_20231127],DFS,2023-11-27,'Woke scorecard' GOP hearings,external,hours,high,"Control event; inherits treatment coding. GOP hearings / ""woke scorecard"" — government action directed at firm",,,,
CW_WBA_20240214,Walgreens,WBA,2024-02-14,Abortion pill distribution fight,reactive,weeks,medium,Abortion pill distribution — firm decision in reactive political context,,,,
CW_LULU_20240510,Lululemon,LULU,2024-05-10,Pro-Palestine window display controversy,firm_initiated,hours,medium,Pro-Palestine window display — store-level action (unclear if corporate-authorized),,,,
CW_CTRL_GPS_20240510,[Control for CW_LULU_20240510],GPS,2024-05-10,Pro-Palestine window display controversy,firm_initiated,hours,medium,Control event; inherits treatment coding. Pro-Palestine window display — store-level action (unclear if corporate-authorized),,,,
CW_WMT_20240617,Walmart,WMT,2024-06-17,Removes LGBTQ books boycott,firm_initiated,days,high,Removed LGBTQ books — retail merchandising decision,,,,
CW_CTRL_COST_20240617,[Control for CW_WMT_20240617],COST,2024-06-17,Removes LGBTQ books boycott,firm_initiated,days,high,Control event; inherits treatment coding. Removed LGBTQ books — retail merchandising decision,,,,
CW_IBM_20250411,IBM,IBM,2025-04-11,Scales back DEI goals,firm_initiated,weeks,high,Scaled back DEI goals — firm policy change,,,,
CW_CTRL_HPE_20250411,[Control for CW_IBM_20250411],HPE,2025-04-11,Scales back DEI goals,firm_initiated,weeks,high,Control event; inherits treatment coding. Scaled back DEI goals — firm policy change,,,,
CW_META_20250411,Meta Platforms,META,2025-04-11,Freezes DEI hiring,firm_initiated,weeks,high,Froze DEI hiring — firm policy change,,,,
CW_CTRL_SNAP_20250411,[Control for CW_META_20250411],SNAP,2025-04-11,Freezes DEI hiring,firm_initiated,weeks,high,Control event; inherits treatment coding. Froze DEI hiring — firm policy change,,,,
CW_WMT_20250411,Walmart,WMT,2025-04-11,Limits Pride displays,firm_initiated,weeks,high,Limited Pride displays — firm retail policy,,,,
CW_CTRL_COST_20250411,[Control for CW_WMT_20250411],COST,2025-04-11,Limits Pride displays,firm_initiated,weeks,high,Control event; inherits treatment coding. Limited Pride displays — firm retail policy,,,,
CW_LOW_20250411,Lowe's,LOW,2025-04-11,Dissolves DEI office,firm_initiated,weeks,high,Dissolved DEI office — firm organizational change,,,,
CW_CTRL_HD_20250411,[Control for CW_LOW_20250411],HD,2025-04-11,Dissolves DEI office,firm_initiated,weeks,high,Control event; inherits treatment coding. Dissolved DEI office — firm organizational change,,,,
CW_AMZN_20250411,Amazon,AMZN,2025-04-11,Cuts LGBTQ ERG funding,firm_initiated,weeks,high,Cut LGBTQ ERG funding — firm policy change,,,,
CW_CTRL_EBAY_20250411,[Control for CW_AMZN_20250411],EBAY,2025-04-11,Cuts LGBTQ ERG funding,firm_initiated,weeks,high,Control event; inherits treatment coding. Cut LGBTQ ERG funding — firm policy change,,,,
CW_MCD_20250411,McDonald's,MCD,2025-04-11,Pauses 'Voices' DEI campaign,firm_initiated,weeks,high,Paused DEI campaign — firm policy change,,,,
CW_CTRL_YUM_20250411,[Control for CW_MCD_20250411],YUM,2025-04-11,Pauses 'Voices' DEI campaign,firm_initiated,weeks,high,Control event; inherits treatment coding. Paused DEI campaign — firm policy change,,,,
CW_BA_20250411,Boeing,BA,2025-04-11,Freezes race-equity scholarships,firm_initiated,weeks,high,Froze race-equity scholarships — firm policy change,,,,
CW_CTRL_LMT_20250411,[Control for CW_BA_20250411],LMT,2025-04-11,Freezes race-equity scholarships,firm_initiated,weeks,high,Control event; inherits treatment coding. Froze race-equity scholarships — firm policy change,,,,
CW_PEP_20250411,PepsiCo,PEP,2025-04-11,Drops Pride sponsorships,firm_initiated,weeks,high,Dropped Pride sponsorships — firm policy change,,,,
CW_CTRL_KO_20250411,[Control for CW_PEP_20250411],KO,2025-04-11,Drops Pride sponsorships,firm_initiated,weeks,high,Control event; inherits treatment coding. Dropped Pride sponsorships — firm policy change,,,,
CW_TMO_20250411,Thermo Fisher Scientific,TMO,2025-04-11,Cancels DEI supplier day,firm_initiated,weeks,high,Cancelled DEI supplier day — firm policy change,,,,
CW_CTRL_DHR_20250411,[Control for CW_TMO_20250411],DHR,2025-04-11,Cancels DEI supplier day,firm_initiated,weeks,high,Control event; inherits treatment coding. Cancelled DEI supplier day — firm policy change,,,,
CW_C_20250411,Citigroup,C,2025-04-11,Shelves 'True Self' ad series,firm_initiated,weeks,high,Shelved ad series — firm marketing decision,,,,
CW_AAPL_20191009,Apple,AAPL,2019-10-09,"Removes Hong Kong protest app, free-speech backlash",firm_initiated,days,high,Removed Hong Kong protest app — firm platform policy decision,,,,
CW_CTRL_MSFT_20191009,[Control for CW_AAPL_20191009],MSFT,2019-10-09,"Removes Hong Kong protest app, free-speech backlash",firm_initiated,days,high,Control event; inherits treatment coding. Removed Hong Kong protest app — firm platform policy decision,,,,
CW_TSCO_20230621,Tractor Supply,TSCO,2023-06-21,Pride merchandise display leads to boycott calls,firm_initiated,weeks,high,Pride merchandise display — store merchandising decision,,,,
CW_CTRL_TSCO_20230621,[Control for CW_TSCO_20230621],TSCO,2023-06-21,Pride merchandise display leads to boycott calls,firm_initiated,weeks,high,Control event; inherits treatment coding. Pride merchandise display — store merchandising decision,,,,
CW_KSS_20210419,Kohl's,KSS,2021-04-19,Stops selling MyPillow products; conservative boycott,firm_initiated,days,high,Stopped selling MyPillow — firm retail decision,,,,
CW_CTRL_JCP_20210419,[Control for CW_KSS_20210419],JCP,2021-04-19,Stops selling MyPillow products; conservative boycott,firm_initiated,days,high,Control event; inherits treatment coding. Stopped selling MyPillow — firm retail decision,,,,
CW_BBBY_20210119,Bed Bath & Beyond,BBBY,2021-01-19,Drops MyPillow products; conservative boycott,firm_initiated,days,high,Dropped MyPillow products — firm retail decision,,,,
CW_GPS_20201103,Gap Inc.,GPS,2020-11-03,Unity red-blue hoodie after US election draws backlash,reactive,days,medium,Unity hoodie after US election — reactive to election outcome,,,,
CW_CTRL_AEO_20201103,[Control for CW_GPS_20201103],AEO,2020-11-03,Unity red-blue hoodie after US election draws backlash,reactive,days,medium,Control event; inherits treatment coding. Unity hoodie after US election — reactive to election outcome,,,,
CW_GT_20200819,Goodyear Tire,GT,2020-08-19,Trump calls for boycott over banned MAGA hats policy,external,hours,high,Trump called for boycott — presidential action directed at firm,,,,
CW_CTRL_CTB_20200819,[Control for CW_GT_20200819],CTB,2020-08-19,Trump calls for boycott over banned MAGA hats policy,external,hours,high,Control event; inherits treatment coding. Trump called for boycott — presidential action directed at firm,,,,
CW_T_20211020,AT&T,T,2021-10-20,OAN funding controversy sparks boycott calls,external,hours,high,OAN funding exposed by media investigation,,,,
CW_CTRL_VZ_20211020,[Control for CW_T_20211020],VZ,2021-10-20,OAN funding controversy sparks boycott calls,external,hours,high,Control event; inherits treatment coding. OAN funding exposed by media investigation,,,,
CW_DIS_20200904,Disney,DIS,2020-09-04,Mulan filming in Xinjiang; human‑rights boycott,external,days,medium,Mulan Xinjiang filming controversy — exposed by external reporting,,,,
CW_CTRL_CMCSA_20200904,[Control for CW_DIS_20200904],CMCSA,2020-09-04,Mulan filming in Xinjiang; human‑rights boycott,external,days,medium,Control event; inherits treatment coding. Mulan Xinjiang filming controversy — exposed by external reporting,,,,
CW_KO_20190712,Coca-Cola,KO,2019-07-12,"Hungary gay couple ad, conservative backlash",firm_initiated,months,high,Hungary gay couple ad — planned advertising campaign,,,,
CW_CTRL_PEP_20190712,[Control for CW_KO_20190712],PEP,2019-07-12,"Hungary gay couple ad, conservative backlash",firm_initiated,months,high,Control event; inherits treatment coding. Hungary gay couple ad — planned advertising campaign,,,,
CW_TWLO_20200605,Twilio,TWLO,2020-06-05,Donates to BLM; conservative boycott calls,firm_initiated,days,high,Donated to BLM — firm charitable giving decision,,,,
CW_CVX_20230526,Chevron,CVX,2023-05-26,Pauses diversity training; progressive backlash,firm_initiated,weeks,high,Paused diversity training — firm HR policy change,,,,
CW_CTRL_XOM_20230526,[Control for CW_CVX_20230526],XOM,2023-05-26,Pauses diversity training; progressive backlash,firm_initiated,weeks,high,Control event; inherits treatment coding. Paused diversity training — firm HR policy change,,,,
CW_DELL_20170404,Dell Technologies,DELL,2017-04-04,CEO opposes bathroom bill; conservative backlash,firm_initiated,hours,high,CEO opposed bathroom bill — executive public statement,,,,
CW_MSFT_20160324,Microsoft,MSFT,2016-03-24,Opposes HB2; boycott push,firm_initiated,hours,high,Opposed HB2 — executive public statement,,,,
CW_CTRL_AAPL_20160324,[Control for CW_MSFT_20160324],AAPL,2016-03-24,Opposes HB2; boycott push,firm_initiated,hours,high,Control event; inherits treatment coding. Opposed HB2 — executive public statement,,,,
CW_NFLX_20200911,Netflix,NFLX,2020-09-11,'Cuties' film controversy triggers cancel campaign,firm_initiated,months,high,Cuties controversy — content acquisition decision,,,,
CW_CTRL_WBD_20200911,[Control for CW_NFLX_20200911],WBD,2020-09-11,'Cuties' film controversy triggers cancel campaign,firm_initiated,months,high,Control event; inherits treatment coding. Cuties controversy — content acquisition decision,,,,
CW_EBAY_20190916,eBay,EBAY,2019-09-16,Bans Confederate flag items; backlash,firm_initiated,days,high,Banned Confederate flag items — platform policy,,,,
CW_UBER_20170129,Uber,UBER,2017-01-29,#DeleteUber after travel ban strikebreak,reactive,hours,high,#DeleteUber after travel ban strikebreak — firm operating decision reactive to executive order,,,,
CW_LYFT_20210903,Lyft,LYFT,2021-09-03,Legal fund for drivers sued under Texas abortion law sparks conservative backlash,reactive,days,high,Legal fund for drivers under TX abortion law — external trigger: SB 8,,,,
CW_AAPL_20170815,Apple,AAPL,2017-08-15,Donates to anti‑hate groups post‑Charlottesville; alt‑right boycott,firm_initiated,days,high,Donated to anti-hate groups — firm charitable giving decision,,,,
CW_CTRL_MSFT_20170815,[Control for CW_AAPL_20170815],MSFT,2017-08-15,Donates to anti‑hate groups post‑Charlottesville; alt‑right boycott,firm_initiated,days,high,Control event; inherits treatment coding. Donated to anti-hate groups — firm charitable giving decision,,,,
CW_NFLX_20190530,Netflix,NFLX,2019-05-30,Threatens to pull productions over Georgia abortion law,firm_initiated,days,high,Threatened to pull Georgia productions — firm public position,,,,
CW_CTRL_WBD_20190530,[Control for CW_NFLX_20190530],WBD,2019-05-30,Threatens to pull productions over Georgia abortion law,firm_initiated,days,high,Control event; inherits treatment coding. Threatened to pull Georgia productions — firm public position,,,,
CW_UPS_20121115,United Parcel Service,UPS,2012-11-15,Stops donations to Boy Scouts over gay ban; conservative backlash,firm_initiated,days,high,Stopped Boy Scouts donations — firm charitable giving policy,,,,
CW_CTRL_FDX_20121115,[Control for CW_UPS_20121115],FDX,2012-11-15,Stops donations to Boy Scouts over gay ban; conservative backlash,firm_initiated,days,high,Control event; inherits treatment coding. Stopped Boy Scouts donations — firm charitable giving policy,,,,
CW_XOM_20220422,Exxon Mobil,XOM,2022-04-22,Bans LGBT flag at HQ; progressive backlash,firm_initiated,days,high,Banned LGBT flag at HQ — firm workplace policy,,,,
CW_CTRL_CVX_20220422,[Control for CW_XOM_20220422],CVX,2022-04-22,Bans LGBT flag at HQ; progressive backlash,firm_initiated,days,high,Control event; inherits treatment coding. Banned LGBT flag at HQ — firm workplace policy,,,,
CW_LEVI_20220509,Levi Strauss & Co.,LEVI,2022-05-09,Exec supports abortion rights; conservative boycott,firm_initiated,hours,high,Exec supported abortion rights — executive public statement,,,,
CW_CTRL_VFC_20220509,[Control for CW_LEVI_20220509],VFC,2022-05-09,Exec supports abortion rights; conservative boycott,firm_initiated,hours,high,Control event; inherits treatment coding. Exec supported abortion rights — executive public statement,,,,
CW_TGT_20220201,Target,TGT,2022-02-01,Adds gender-inclusive 'Lil Miss' line; backlash,firm_initiated,months,high,Gender-inclusive product line — product development,,,,
CW_CTRL_WMT_20220201,[Control for CW_TGT_20220201],WMT,2022-02-01,Adds gender-inclusive 'Lil Miss' line; backlash,firm_initiated,months,high,Control event; inherits treatment coding. Gender-inclusive product line — product development,,,,
CW_CBRL_20131222,Cracker Barrel,CBRL,2013-12-22,Pulls Duck Dynasty products after anti‑gay remarks; conservative backlash,firm_initiated,days,medium,Pulled Duck Dynasty products after anti-gay remarks — reactive to talent controversy but firm chose response,,,,
CW_MDLZ_20140313,Mondelez,MDLZ,2014-03-13,Honey Maid inclusive family ad sparks conservative ire,firm_initiated,months,high,Honey Maid inclusive family ad — planned campaign,,,,
CW_GIS_20130529,General Mills,GIS,2013-05-29,Interracial Cheerios ad draws racist backlash,firm_initiated,months,high,Interracial Cheerios ad — planned campaign,,,,
CW_CPB_20151005,Campbell Soup,CPB,2015-10-05,Ad featuring gay dads triggers boycott calls,firm_initiated,months,high,Ad featuring gay dads — planned campaign,,,,
CW_PEP_20120202,PepsiCo,PEP,2012-02-02,Doritos gay marriage Super Bowl ad controversy,firm_initiated,months,high,Doritos gay marriage Super Bowl ad — planned campaign,,,,
CW_CTRL_KO_20120202,[Control for CW_PEP_20120202],KO,2012-02-02,Doritos gay marriage Super Bowl ad controversy,firm_initiated,months,high,Control event; inherits treatment coding. Doritos gay marriage Super Bowl ad — planned campaign,,,,
CW_BA_20200615,Boeing,BA,2020-06-15,Pulls ads from Tucker Carlson after racist segment; conservative backlash,firm_initiated,days,high,Pulled ads from Tucker Carlson — firm advertising decision,,,,
CW_CTRL_LMT_20200615,[Control for CW_BA_20200615],LMT,2020-06-15,Pulls ads from Tucker Carlson after racist segment; conservative backlash,firm_initiated,days,high,Control event; inherits treatment coding. Pulled ads from Tucker Carlson — firm advertising decision,,,,
CW_CVS_20230104,CVS Health,CVS,2023-01-04,Plans to sell abortion pill mifepristone; conservative boycott,reactive,weeks,medium,"Plans to sell mifepristone — partly firm commercial decision, partly reactive to FDA approval/regulatory context",,,,
CW_CTRL_WBA_20230104,[Control for CW_CVS_20230104],WBA,2023-01-04,Plans to sell abortion pill mifepristone; conservative boycott,reactive,weeks,medium,"Control event; inherits treatment coding. Plans to sell mifepristone — partly firm commercial decision, partly reactive to FDA approval/regulatory context",,,,
CW_GOOGL_20220624,Google,GOOGL,2022-06-24,Commits to abortion travel benefits after Roe reversal; backlash,reactive,days,high,Abortion travel benefits after Roe reversal — external trigger: SCOTUS Dobbs ruling,,,,
CW_CTRL_MSFT_20220624,[Control for CW_AAPL_20220624],MSFT,2022-06-24,Commits to abortion travel benefits; boycott calls,reactive,days,high,Control event; inherits treatment coding. Abortion travel benefits — external trigger: SCOTUS Dobbs ruling,,,,
CW_MSFT_20220624,Microsoft,MSFT,2022-06-24,Abortion travel reimbursement policy; conservative backlash,reactive,days,high,Abortion travel reimbursement — external trigger: SCOTUS Dobbs ruling,,,,
CW_CTRL_AAPL_20220624,[Control for CW_MSFT_20220624],AAPL,2022-06-24,Abortion travel reimbursement policy; conservative backlash,reactive,days,high,Control event; inherits treatment coding. Abortion travel reimbursement — external trigger: SCOTUS Dobbs ruling,,,,
CW_JPM_20220624,JPMorgan Chase,JPM,2022-06-24,Covers abortion‑travel costs; pro‑life boycott push,reactive,days,high,Abortion travel costs — external trigger: SCOTUS Dobbs ruling,,,,
CW_CTRL_BAC_20220624,[Control for CW_JPM_20220624],BAC,2022-06-24,Covers abortion‑travel costs; pro‑life boycott push,reactive,days,high,Control event; inherits treatment coding. Abortion travel costs — external trigger: SCOTUS Dobbs ruling,,,,
CW_DIS_20220624,Disney,DIS,2022-06-24,Offers abortion travel expenses; conservative outrage,reactive,days,high,Abortion travel expenses — external trigger: SCOTUS Dobbs ruling,,,,
CW_CTRL_CMCSA_20220624,[Control for CW_DIS_20220624],CMCSA,2022-06-24,Offers abortion travel expenses; conservative outrage,reactive,days,high,Control event; inherits treatment coding. Abortion travel expenses — external trigger: SCOTUS Dobbs ruling,,,,
CW_NKE_20220624,Nike,NKE,2022-06-24,Expands abortion healthcare travel; boycott threats,reactive,days,high,Abortion healthcare travel — external trigger: SCOTUS Dobbs ruling,,,,
CW_CTRL_UAA_20220624,[Control for CW_NKE_20220624],UAA,2022-06-24,Expands abortion healthcare travel; boycott threats,reactive,days,high,Control event; inherits treatment coding. Abortion healthcare travel — external trigger: SCOTUS Dobbs ruling,,,,
CW_C_20220315,Citigroup,C,2022-03-15,Pays for abortion travel; GOP lawmakers threaten retaliation,reactive,days,high,Abortion travel — external trigger: anticipated Dobbs ruling,,,,
CW_LEVI_20220624,Levi Strauss & Co.,LEVI,2022-06-24,Denounces Roe reversal; conservative boycott renews,reactive,days,high,Denounced Roe reversal — external trigger: SCOTUS Dobbs ruling,,,,
CW_CTRL_VFC_20220624,[Control for CW_LEVI_20220624],VFC,2022-06-24,Denounces Roe reversal; conservative boycott renews,reactive,days,high,Control event; inherits treatment coding. Denounced Roe reversal — external trigger: SCOTUS Dobbs ruling,,,,
CW_SBUX_20220615,Starbucks,SBUX,2022-06-15,Covers abortion travel; conservative backlash,reactive,days,high,Abortion travel — external trigger: anticipated Dobbs ruling,,,,
CW_CTRL_DNKN_20220615,[Control for CW_SBUX_20220615],DNKN,2022-06-15,Covers abortion travel; conservative backlash,reactive,days,high,Control event; inherits treatment coding. Abortion travel — external trigger: anticipated Dobbs ruling,,,,
CW_AAPL_20220624,Apple,AAPL,2022-06-24,Commits to abortion travel benefits; boycott calls,reactive,days,high,Abortion travel benefits — external trigger: SCOTUS Dobbs ruling,,,,
CW_CTRL_MSFT_20220624,[Control for CW_AAPL_20220624],MSFT,2022-06-24,Commits to abortion travel benefits; boycott calls,reactive,days,high,Control event; inherits treatment coding. Abortion travel benefits — external trigger: SCOTUS Dobbs ruling,,,,
CW_META_20220624,Meta Platforms,META,2022-06-24,Covers abortion travel; Republican criticism,reactive,days,high,Abortion travel — external trigger: SCOTUS Dobbs ruling,,,,
CW_CTRL_SNAP_20220624,[Control for CW_META_20220624],SNAP,2022-06-24,Covers abortion travel; Republican criticism,reactive,days,high,Control event; inherits treatment coding. Abortion travel — external trigger: SCOTUS Dobbs ruling,,,,
CW_AMZN_20220502,Amazon,AMZN,2022-05-02,Announces abortion travel benefit; conservative backlash,reactive,days,high,Abortion travel benefit — external trigger: Dobbs leak (2022-05-02),,,,
CW_CTRL_EBAY_20220502,[Control for CW_AMZN_20220502],EBAY,2022-05-02,Announces abortion travel benefit; conservative backlash,reactive,days,high,Control event; inherits treatment coding. Abortion travel benefit — external trigger: Dobbs leak (2022-05-02),,,,
CW_WBD_20220624,Warner Bros. Discovery,WBD,2022-06-24,Covers abortion travel; boycott calls,reactive,days,high,Abortion travel — external trigger: SCOTUS Dobbs ruling,,,,
CW_YUM_20220626,Yum! Brands,YUM,2022-06-26,Offers abortion travel coverage; pro‑life backlash,reactive,days,high,Abortion travel — external trigger: SCOTUS Dobbs ruling,,,,
CW_SONY_20220628,Sony Group,SONY,2022-06-28,PlayStation covers abortion travel; conservative boycott calls,reactive,days,high,PlayStation abortion travel — external trigger: SCOTUS Dobbs ruling,,,,
CW_CTRL_MSFT_20220628,[Control for CW_SONY_20220628],MSFT,2022-06-28,PlayStation covers abortion travel; conservative boycott calls,reactive,days,high,Control event; inherits treatment coding. PlayStation abortion travel — external trigger: SCOTUS Dobbs ruling,,,,
CW_TGT_20220624,Target,TGT,2022-06-24,Expands abortion travel benefits; renewed boycott,reactive,days,high,Abortion travel benefits — external trigger: SCOTUS Dobbs ruling,,,,
CW_CTRL_WMT_20220624,[Control for CW_TGT_20220624],WMT,2022-06-24,Expands abortion travel benefits; renewed boycott,reactive,days,high,Control event; inherits treatment coding. Abortion travel benefits — external trigger: SCOTUS Dobbs ruling,,,,
CW_UBER_20220515,Uber,UBER,2022-05-15,Covers legal fees for drivers sued under abortion law; backlash,reactive,days,high,Abortion legal fees — external trigger: state abortion law/Dobbs leak,,,,
CW_LYFT_20220515,Lyft,LYFT,2022-05-15,Covers legal fees for drivers sued under abortion law; backlash,reactive,days,high,Abortion legal fees — external trigger: state abortion law/Dobbs leak,,,,
CW_DASH_20220624,DoorDash,DASH,2022-06-24,Announces abortion travel expense coverage; conservative backlash,reactive,days,high,Abortion travel — external trigger: SCOTUS Dobbs ruling,,,,
CW_CTRL_UBER_20220624,[Control for CW_DASH_20220624],UBER,2022-06-24,Announces abortion travel expense coverage; conservative backlash,reactive,days,high,Control event; inherits treatment coding. Abortion travel — external trigger: SCOTUS Dobbs ruling,,,,
CW_HPQ_20220627,HP Inc.,HPQ,2022-06-27,Covers abortion travel costs; conservative backlash,reactive,days,high,Abortion travel — external trigger: SCOTUS Dobbs ruling,,,,
CW_CTRL_DELL_20220627,[Control for CW_HPQ_20220627],DELL,2022-06-27,Covers abortion travel costs; conservative backlash,reactive,days,high,Control event; inherits treatment coding. Abortion travel — external trigger: SCOTUS Dobbs ruling,,,,
CW_NFLX_20220624,Netflix,NFLX,2022-06-24,Adds abortion travel benefits; boycott calls,reactive,days,high,Abortion travel benefits — external trigger: SCOTUS Dobbs ruling,,,,
CW_CTRL_WBD_20220624,[Control for CW_NFLX_20220624],WBD,2022-06-24,Adds abortion travel benefits; boycott calls,reactive,days,high,Control event; inherits treatment coding. Abortion travel benefits — external trigger: SCOTUS Dobbs ruling,,,,
CW_TSLA_20220504,Tesla,TSLA,2022-05-04,Pays for employee abortion travel; conservative backlash,reactive,days,high,Abortion travel — external trigger: Dobbs leak,,,,
CW_CTRL_GM_20220504,[Control for CW_TSLA_20220504],GM,2022-05-04,Pays for employee abortion travel; conservative backlash,reactive,days,high,Control event; inherits treatment coding. Abortion travel — external trigger: Dobbs leak,,,,
CW_BAC_20220719,Bank of America,BAC,2022-07-19,Expands abortion travel benefits; conservative backlash,reactive,days,high,Abortion travel benefits — external trigger: SCOTUS Dobbs ruling,,,,
CW_CTRL_JPM_20220719,[Control for CW_BAC_20220719],JPM,2022-07-19,Expands abortion travel benefits; conservative backlash,reactive,days,high,Control event; inherits treatment coding. Abortion travel benefits — external trigger: SCOTUS Dobbs ruling,,,,
CW_AAL_20230626,American Airlines,AAL,2023-06-26,Covers abortion travel; state lawmakers threaten action,reactive,days,high,Abortion travel — external trigger: post-Dobbs state laws,,,,
CW_CTRL_UAL_20230626,[Control for CW_AAL_20230626],UAL,2023-06-26,Covers abortion travel; state lawmakers threaten action,reactive,days,high,Control event; inherits treatment coding. Abortion travel — external trigger: post-Dobbs state laws,,,,
vote_S_2007__20070426_IBM,,IBM,2007-04-26,"H.R. 1591 (110th): U.S. Troop Readiness, Veterans’ Care, Katrina Recovery, and Iraq Accountability Appropriations Act, 2007",external,days,high,Congressional vote — legislative action external to firm,,,,
vote_S_2007__20070426_LMT,,LMT,2007-04-26,"H.R. 1591 (110th): U.S. Troop Readiness, Veterans’ Care, Katrina Recovery, and Iraq Accountability Appropriations Act, 2007",external,days,high,Congressional vote — legislative action external to firm,,,,
vote_S_2007__20070426_CRM,,CRM,2007-04-26,"H.R. 1591 (110th): U.S. Troop Readiness, Veterans’ Care, Katrina Recovery, and Iraq Accountability Appropriations Act, 2007",external,days,high,Congressional vote — legislative action external to firm,,,,
vote_S_2007__20070426_ADBE,,ADBE,2007-04-26,"H.R. 1591 (110th): U.S. Troop Readiness, Veterans’ Care, Katrina Recovery, and Iraq Accountability Appropriations Act, 2007",external,days,high,Congressional vote — legislative action external to firm,,,,
vote_S_2007__20070426_BA,,BA,2007-04-26,"H.R. 1591 (110th): U.S. Troop Readiness, Veterans’ Care, Katrina Recovery, and Iraq Accountability Appropriations Act, 2007",external,days,high,Congressional vote — legislative action external to firm,,,,
vote_S_2007__20070426_F,,F,2007-04-26,"H.R. 1591 (110th): U.S. Troop Readiness, Veterans’ Care, Katrina Recovery, and Iraq Accountability Appropriations Act, 2007",external,days,high,Congressional vote — legislative action external to firm,,,,
eo_13429_20070404_AAL,,AAL,2007-04-04,EO 13429: Establishing an Emergency Board To Investigate a Dispute Between Metro-North Railroad and Its Maintenance of Way Employees Represented by the International Brotherhood of Teamsters,external,hours,high,Executive order — presidential action external to firm,,,,
eo_13429_20070404_DAL,,DAL,2007-04-04,EO 13429: Establishing an Emergency Board To Investigate a Dispute Between Metro-North Railroad and Its Maintenance of Way Employees Represented by the International Brotherhood of Teamsters,external,hours,high,Executive order — presidential action external to firm,,,,
eo_13429_20070404_UAL,,UAL,2007-04-04,EO 13429: Establishing an Emergency Board To Investigate a Dispute Between Metro-North Railroad and Its Maintenance of Way Employees Represented by the International Brotherhood of Teamsters,external,hours,high,Executive order — presidential action external to firm,,,,
vote_H_2006__20060613_AAL,,AAL,2006-06-13,"H.Res. 865 (109th): Providing for consideration of the bill (H.R. 5576) making appropriations for the Departments of Transportation, Treasury, and ...",external,days,high,Congressional vote — legislative action external to firm,,,,
vote_H_2006__20060613_DAL,,DAL,2006-06-13,"H.Res. 865 (109th): Providing for consideration of the bill (H.R. 5576) making appropriations for the Departments of Transportation, Treasury, and ...",external,days,high,Congressional vote — legislative action external to firm,,,,
vote_H_2006__20060613_UAL,,UAL,2006-06-13,"H.Res. 865 (109th): Providing for consideration of the bill (H.R. 5576) making appropriations for the Departments of Transportation, Treasury, and ...",external,days,high,Congressional vote — legislative action external to firm,,,,
eo_14213_20250214_CVX,,CVX,2025-02-14,EO 14213: Establishing the National Energy Dominance Council,external,hours,high,Executive order — presidential action external to firm,,,,
eo_14213_20250214_XOM,,XOM,2025-02-14,EO 14213: Establishing the National Energy Dominance Council,external,hours,high,Executive order — presidential action external to firm,,,,
vote_H_2017__20171207_MET,,MET,2017-12-07,"H.R. 477: Small Business Mergers, Acquisitions, Sales, and Brokerage Simplification Act of 2017",external,days,high,Congressional vote — legislative action external to firm,,,,
vote_H_2017__20171207_MA,,MA,2017-12-07,"H.R. 477: Small Business Mergers, Acquisitions, Sales, and Brokerage Simplification Act of 2017",external,days,high,Congressional vote — legislative action external to firm,,,,
vote_H_2017__20171207_V,,V,2017-12-07,"H.R. 477: Small Business Mergers, Acquisitions, Sales, and Brokerage Simplification Act of 2017",external,days,high,Congressional vote — legislative action external to firm,,,,
vote_H_2017__20171207_UBS,,UBS,2017-12-07,"H.R. 477: Small Business Mergers, Acquisitions, Sales, and Brokerage Simplification Act of 2017",external,days,high,Congressional vote — legislative action external to firm,,,,
vote_H_2017__20171207_JPM,,JPM,2017-12-07,"H.R. 477: Small Business Mergers, Acquisitions, Sales, and Brokerage Simplification Act of 2017",external,days,high,Congressional vote — legislative action external to firm,,,,
vote_H_2017__20171207_BAC,,BAC,2017-12-07,"H.R. 477: Small Business Mergers, Acquisitions, Sales, and Brokerage Simplification Act of 2017",external,days,high,Congressional vote — legislative action external to firm,,,,
vote_H_2017__20171207_AXP,,AXP,2017-12-07,"H.R. 477: Small Business Mergers, Acquisitions, Sales, and Brokerage Simplification Act of 2017",external,days,high,Congressional vote — legislative action external to firm,,,,
vote_H_2017__20171207_WFC,,WFC,2017-12-07,"H.R. 477: Small Business Mergers, Acquisitions, Sales, and Brokerage Simplification Act of 2017",external,days,high,Congressional vote — legislative action external to firm,,,,
vote_H_2017__20171207_PYPL,,PYPL,2017-12-07,"H.R. 477: Small Business Mergers, Acquisitions, Sales, and Brokerage Simplification Act of 2017",external,days,high,Congressional vote — legislative action external to firm,,,,
vote_H_2017__20171207_C,,C,2017-12-07,"H.R. 477: Small Business Mergers, Acquisitions, Sales, and Brokerage Simplification Act of 2017",external,days,high,Congressional vote — legislative action external to firm,,,,
eo_13736_20160812_IBM,,IBM,2016-08-12,EO 13736: Providing an Order of Succession Within the Department of Veterans Affairs,external,hours,high,Executive order — presidential action external to firm,,,,
eo_13736_20160812_GM,,GM,2016-08-12,EO 13736: Providing an Order of Succession Within the Department of Veterans Affairs,external,hours,high,Executive order — presidential action external to firm,,,,
eo_13736_20160812_TSLA,,TSLA,2016-08-12,EO 13736: Providing an Order of Succession Within the Department of Veterans Affairs,external,hours,high,Executive order — presidential action external to firm,,,,
eo_13736_20160812_CRM,,CRM,2016-08-12,EO 13736: Providing an Order of Succession Within the Department of Veterans Affairs,external,hours,high,Executive order — presidential action external to firm,,,,
eo_13736_20160812_ADBE,,ADBE,2016-08-12,EO 13736: Providing an Order of Succession Within the Department of Veterans Affairs,external,hours,high,Executive order — presidential action external to firm,,,,
eo_13736_20160812_BA,,BA,2016-08-12,EO 13736: Providing an Order of Succession Within the Department of Veterans Affairs,external,hours,high,Executive order — presidential action external to firm,,,,
eo_13736_20160812_LMT,,LMT,2016-08-12,EO 13736: Providing an Order of Succession Within the Department of Veterans Affairs,external,hours,high,Executive order — presidential action external to firm,,,,
eo_13736_20160812_F,,F,2016-08-12,EO 13736: Providing an Order of Succession Within the Department of Veterans Affairs,external,hours,high,Executive order — presidential action external to firm,,,,
vote_H_2003__20031029_DAL,,DAL,2003-10-29,H.Res. 418 (108th): Waiving points of order against the conference report to accompany the bill (H.R. 2691) making appropriations for ...,external,days,high,Congressional vote — legislative action external to firm,,,,
scotus_2021-064_20220606_MET,,MET,2022-06-06,SIEGEL v. FITZGERALD,external,hours,high,Court decision — judicial ruling external to firm,,,,
scotus_2021-064_20220606_MA,,MA,2022-06-06,SIEGEL v. FITZGERALD,external,hours,high,Court decision — judicial ruling external to firm,,,,
scotus_2021-064_20220606_V,,V,2022-06-06,SIEGEL v. FITZGERALD,external,hours,high,Court decision — judicial ruling external to firm,,,,
scotus_2021-064_20220606_JPM,,JPM,2022-06-06,SIEGEL v. FITZGERALD,external,hours,high,Court decision — judicial ruling external to firm,,,,
scotus_2021-064_20220606_BAC,,BAC,2022-06-06,SIEGEL v. FITZGERALD,external,hours,high,Court decision — judicial ruling external to firm,,,,
scotus_2021-064_20220606_AXP,,AXP,2022-06-06,SIEGEL v. FITZGERALD,external,hours,high,Court decision — judicial ruling external to firm,,,,
scotus_2021-064_20220606_WFC,,WFC,2022-06-06,SIEGEL v. FITZGERALD,external,hours,high,Court decision — judicial ruling external to firm,,,,
scotus_2021-064_20220606_PYPL,,PYPL,2022-06-06,SIEGEL v. FITZGERALD,external,hours,high,Court decision — judicial ruling external to firm,,,,
scotus_2021-064_20220606_C,,C,2022-06-06,SIEGEL v. FITZGERALD,external,hours,high,Court decision — judicial ruling external to firm,,,,
vote_H_2003__20030725_TMO,,TMO,2003-07-25,H.R. 2427 (108th): Pharmaceutical Market Access Act of 2003,external,days,high,Congressional vote — legislative action external to firm,,,,
vote_H_2003__20030725_PG,,PG,2003-07-25,H.R. 2427 (108th): Pharmaceutical Market Access Act of 2003,external,days,high,Congressional vote — legislative action external to firm,,,,
vote_H_2003__20030725_DHR,,DHR,2003-07-25,H.R. 2427 (108th): Pharmaceutical Market Access Act of 2003,external,days,high,Congressional vote — legislative action external to firm,,,,
vote_H_2011__20110407_IBM,,IBM,2011-04-07,H.R. 910 (112th): Energy Tax Prevention Act of 2011,external,days,high,Congressional vote — legislative action external to firm,,,,
vote_H_2011__20110407_GM,,GM,2011-04-07,H.R. 910 (112th): Energy Tax Prevention Act of 2011,external,days,high,Congressional vote — legislative action external to firm,,,,
vote_H_2011__20110407_TSLA,,TSLA,2011-04-07,H.R. 910 (112th): Energy Tax Prevention Act of 2011,external,days,high,Congressional vote — legislative action external to firm,,,,
vote_H_2011__20110407_CRM,,CRM,2011-04-07,H.R. 910 (112th): Energy Tax Prevention Act of 2011,external,days,high,Congressional vote — legislative action external to firm,,,,
vote_H_2011__20110407_ADBE,,ADBE,2011-04-07,H.R. 910 (112th): Energy Tax Prevention Act of 2011,external,days,high,Congressional vote — legislative action external to firm,,,,
vote_H_2011__20110407_BA,,BA,2011-04-07,H.R. 910 (112th): Energy Tax Prevention Act of 2011,external,days,high,Congressional vote — legislative action external to firm,,,,
vote_H_2011__20110407_LMT,,LMT,2011-04-07,H.R. 910 (112th): Energy Tax Prevention Act of 2011,external,days,high,Congressional vote — legislative action external to firm,,,,
vote_H_2011__20110407_F,,F,2011-04-07,H.R. 910 (112th): Energy Tax Prevention Act of 2011,external,days,high,Congressional vote — legislative action external to firm,,,,
vote_H_2014__20140625_CVX,,CVX,2014-06-25,H.Res. 641 (113th): Providing for consideration of the bill (H.R. 4899) to lower gasoline prices for the American family by ...,external,days,high,Congressional vote — legislative action external to firm,,,,
vote_H_2014__20140625_XOM,,XOM,2014-06-25,H.Res. 641 (113th): Providing for consideration of the bill (H.R. 4899) to lower gasoline prices for the American family by ...,external,days,high,Congressional vote — legislative action external to firm,,,,
vote_H_2005__20050526_IBM,,IBM,2005-05-26,"H.R. 2528 (109th): Military Quality of Life and Veterans Affairs Appropriations Act, 2006",external,days,high,Congressional vote — legislative action external to firm,,,,
vote_H_2005__20050526_LMT,,LMT,2005-05-26,"H.R. 2528 (109th): Military Quality of Life and Veterans Affairs Appropriations Act, 2006",external,days,high,Congressional vote — legislative action external to firm,,,,
vote_H_2005__20050526_CRM,,CRM,2005-05-26,"H.R. 2528 (109th): Military Quality of Life and Veterans Affairs Appropriations Act, 2006",external,days,high,Congressional vote — legislative action external to firm,,,,
vote_H_2005__20050526_ADBE,,ADBE,2005-05-26,"H.R. 2528 (109th): Military Quality of Life and Veterans Affairs Appropriations Act, 2006",external,days,high,Congressional vote — legislative action external to firm,,,,
vote_H_2005__20050526_BA,,BA,2005-05-26,"H.R. 2528 (109th): Military Quality of Life and Veterans Affairs Appropriations Act, 2006",external,days,high,Congressional vote — legislative action external to firm,,,,
vote_H_2005__20050526_F,,F,2005-05-26,"H.R. 2528 (109th): Military Quality of Life and Veterans Affairs Appropriations Act, 2006",external,days,high,Congressional vote — legislative action external to firm,,,,
vote_H_2019__20191217_AAPL,,AAPL,2019-12-17,H.R. 1158: DHS Cyber Hunt and Incident Response Teams Act of 2019,external,days,high,Congressional vote — legislative action external to firm,,,,
vote_H_2019__20191217_META,,META,2019-12-17,H.R. 1158: DHS Cyber Hunt and Incident Response Teams Act of 2019,external,days,high,Congressional vote — legislative action external to firm,,,,
vote_H_2019__20191217_GOOGL,,GOOGL,2019-12-17,H.R. 1158: DHS Cyber Hunt and Incident Response Teams Act of 2019,external,days,high,Congressional vote — legislative action external to firm,,,,
vote_H_2019__20191217_MSFT,,MSFT,2019-12-17,H.R. 1158: DHS Cyber Hunt and Incident Response Teams Act of 2019,external,days,high,Congressional vote — legislative action external to firm,,,,
vote_H_2019__20191217_SNAP,,SNAP,2019-12-17,H.R. 1158: DHS Cyber Hunt and Incident Response Teams Act of 2019,external,days,high,Congressional vote — legislative action external to firm,,,,
vote_H_2019__20191217_TWLO,,TWLO,2019-12-17,H.R. 1158: DHS Cyber Hunt and Incident Response Teams Act of 2019,external,days,high,Congressional vote — legislative action external to firm,,,,
vote_H_2019__20191217_HPE,,HPE,2019-12-17,H.R. 1158: DHS Cyber Hunt and Incident Response Teams Act of 2019,external,days,high,Congressional vote — legislative action external to firm,,,,
vote_H_2019__20191217_ORCL,,ORCL,2019-12-17,H.R. 1158: DHS Cyber Hunt and Incident Response Teams Act of 2019,external,days,high,Congressional vote — legislative action external to firm,,,,
vote_H_2019__20191217_CHTR,,CHTR,2019-12-17,H.R. 1158: DHS Cyber Hunt and Incident Response Teams Act of 2019,external,days,high,Congressional vote — legislative action external to firm,,,,
vote_H_2019__20191217_DELL,,DELL,2019-12-17,H.R. 1158: DHS Cyber Hunt and Incident Response Teams Act of 2019,external,days,high,Congressional vote — legislative action external to firm,,,,
vote_H_2019__20191217_VZ,,VZ,2019-12-17,H.R. 1158: DHS Cyber Hunt and Incident Response Teams Act of 2019,external,days,high,Congressional vote — legislative action external to firm,,,,
vote_H_2019__20191217_T,,T,2019-12-17,H.R. 1158: DHS Cyber Hunt and Incident Response Teams Act of 2019,external,days,high,Congressional vote — legislative action external to firm,,,,
vote_H_2019__20191217_HPQ,,HPQ,2019-12-17,H.R. 1158: DHS Cyber Hunt and Incident Response Teams Act of 2019,external,days,high,Congressional vote — legislative action external to firm,,,,
vote_H_2021__20210624_AAL,,AAL,2021-06-24,"S.J.Res. 13 (117th): A joint resolution providing for congressional disapproval under chapter 8 of title 5, United States Code, of the rule submitted by the Equal Employment Opportunity Commission relating to “Update of Commission’s Conciliation Procedur",external,days,high,Congressional vote — legislative action external to firm,,,,
vote_H_2021__20210624_DAL,,DAL,2021-06-24,"S.J.Res. 13 (117th): A joint resolution providing for congressional disapproval under chapter 8 of title 5, United States Code, of the rule submitted by the Equal Employment Opportunity Commission relating to “Update of Commission’s Conciliation Procedur",external,days,high,Congressional vote — legislative action external to firm,,,,
vote_H_2021__20210624_LYFT,,LYFT,2021-06-24,"S.J.Res. 13 (117th): A joint resolution providing for congressional disapproval under chapter 8 of title 5, United States Code, of the rule submitted by the Equal Employment Opportunity Commission relating to “Update of Commission’s Conciliation Procedur",external,days,high,Congressional vote — legislative action external to firm,,,,
vote_H_2021__20210624_UAL,,UAL,2021-06-24,"S.J.Res. 13 (117th): A joint resolution providing for congressional disapproval under chapter 8 of title 5, United States Code, of the rule submitted by the Equal Employment Opportunity Commission relating to “Update of Commission’s Conciliation Procedur",external,days,high,Congressional vote — legislative action external to firm,,,,
vote_S_2021__20210810_AAL,,AAL,2021-08-10,H.R. 3684: Infrastructure Investment and Jobs Act,external,days,high,Congressional vote — legislative action external to firm,,,,
vote_S_2021__20210810_DAL,,DAL,2021-08-10,H.R. 3684: Infrastructure Investment and Jobs Act,external,days,high,Congressional vote — legislative action external to firm,,,,
vote_S_2021__20210810_LYFT,,LYFT,2021-08-10,H.R. 3684: Infrastructure Investment and Jobs Act,external,days,high,Congressional vote — legislative action external to firm,,,,
vote_S_2021__20210810_UAL,,UAL,2021-08-10,H.R. 3684: Infrastructure Investment and Jobs Act,external,days,high,Congressional vote — legislative action external to firm,,,,
vote_S_2015__20151203_TMO,,TMO,2015-12-03,H.R. 3762: Restoring Americans’ Healthcare Freedom Reconciliation Act of 2015,external,days,high,Congressional vote — legislative action external to firm,,,,
vote_S_2015__20151203_PG,,PG,2015-12-03,H.R. 3762: Restoring Americans’ Healthcare Freedom Reconciliation Act of 2015,external,days,high,Congressional vote — legislative action external to firm,,,,
vote_S_2015__20151203_DHR,,DHR,2015-12-03,H.R. 3762: Restoring Americans’ Healthcare Freedom Reconciliation Act of 2015,external,days,high,Congressional vote — legislative action external to firm,,,,
vote_S_2015__20151203_EPC,,EPC,2015-12-03,H.R. 3762: Restoring Americans’ Healthcare Freedom Reconciliation Act of 2015,external,days,high,Congressional vote — legislative action external to firm,,,,
vote_S_2008__20081001_CVX,,CVX,2008-10-01,H.R. 1424 (110th): Paul Wellstone Mental Health and Addiction Equity Act of 2007,external,days,high,Congressional vote — legislative action external to firm,,,,
eo_13616_20120614_AAPL,,AAPL,2012-06-14,EO 13616: Accelerating Broadband Infrastructure Deployment,external,hours,high,Executive order — presidential action external to firm,,,,
eo_13616_20120614_META,,META,2012-06-14,EO 13616: Accelerating Broadband Infrastructure Deployment,external,hours,high,Executive order — presidential action external to firm,,,,
eo_13616_20120614_MSFT,,MSFT,2012-06-14,EO 13616: Accelerating Broadband Infrastructure Deployment,external,hours,high,Executive order — presidential action external to firm,,,,
eo_13616_20120614_SAP,,SAP,2012-06-14,EO 13616: Accelerating Broadband Infrastructure Deployment,external,hours,high,Executive order — presidential action external to firm,,,,
eo_13616_20120614_ORCL,,ORCL,2012-06-14,EO 13616: Accelerating Broadband Infrastructure Deployment,external,hours,high,Executive order — presidential action external to firm,,,,
eo_13616_20120614_CHTR,,CHTR,2012-06-14,EO 13616: Accelerating Broadband Infrastructure Deployment,external,hours,high,Executive order — presidential action external to firm,,,,
eo_13616_20120614_VZ,,VZ,2012-06-14,EO 13616: Accelerating Broadband Infrastructure Deployment,external,hours,high,Executive order — presidential action external to firm,,,,
eo_13616_20120614_T,,T,2012-06-14,EO 13616: Accelerating Broadband Infrastructure Deployment,external,hours,high,Executive order — presidential action external to firm,,,,
eo_13616_20120614_HPQ,,HPQ,2012-06-14,EO 13616: Accelerating Broadband Infrastructure Deployment,external,hours,high,Executive order — presidential action external to firm,,,,
scotus_1999-066_20000530_BAC,,BAC,2000-05-30,"HARTFORD UNDERWRITERS INSURANCE COMPANY v. UNION PLANTERS BANK, N. A.",external,hours,high,Court decision — judicial ruling external to firm,,,,
vote_S_2008__20081001_TMO,,TMO,2008-10-01,H.R. 1424 (110th): Paul Wellstone Mental Health and Addiction Equity Act of 2007,external,days,high,Congressional vote — legislative action external to firm,,,,
vote_S_2008__20081001_PG,,PG,2008-10-01,H.R. 1424 (110th): Paul Wellstone Mental Health and Addiction Equity Act of 2007,external,days,high,Congressional vote — legislative action external to firm,,,,
vote_S_2008__20081001_DHR,,DHR,2008-10-01,H.R. 1424 (110th): Paul Wellstone Mental Health and Addiction Equity Act of 2007,external,days,high,Congressional vote — legislative action external to firm,,,,
vote_S_2008__20081001_EPC,,EPC,2008-10-01,H.R. 1424 (110th): Paul Wellstone Mental Health and Addiction Equity Act of 2007,external,days,high,Congressional vote — legislative action external to firm,,,,
scotus_2010-074_20110623_MET,,MET,2011-06-23,"CSX TRANSPORTATION, INC., PETITIONER v. ROBERT MCBRIDE",external,hours,high,Court decision — judicial ruling external to firm,,,,
scotus_2010-074_20110623_MA,,MA,2011-06-23,"CSX TRANSPORTATION, INC., PETITIONER v. ROBERT MCBRIDE",external,hours,high,Court decision — judicial ruling external to firm,,,,
scotus_2010-074_20110623_V,,V,2011-06-23,"CSX TRANSPORTATION, INC., PETITIONER v. ROBERT MCBRIDE",external,hours,high,Court decision — judicial ruling external to firm,,,,
scotus_2010-074_20110623_JPM,,JPM,2011-06-23,"CSX TRANSPORTATION, INC., PETITIONER v. ROBERT MCBRIDE",external,hours,high,Court decision — judicial ruling external to firm,,,,
scotus_2010-074_20110623_BAC,,BAC,2011-06-23,"CSX TRANSPORTATION, INC., PETITIONER v. ROBERT MCBRIDE",external,hours,high,Court decision — judicial ruling external to firm,,,,
scotus_2010-074_20110623_AXP,,AXP,2011-06-23,"CSX TRANSPORTATION, INC., PETITIONER v. ROBERT MCBRIDE",external,hours,high,Court decision — judicial ruling external to firm,,,,
scotus_2010-074_20110623_WFC,,WFC,2011-06-23,"CSX TRANSPORTATION, INC., PETITIONER v. ROBERT MCBRIDE",external,hours,high,Court decision — judicial ruling external to firm,,,,
scotus_2010-074_20110623_C,,C,2011-06-23,"CSX TRANSPORTATION, INC., PETITIONER v. ROBERT MCBRIDE",external,hours,high,Court decision — judicial ruling external to firm,,,,
vote_H_2009__20090730_SAM,,SAM,2009-07-30,H.R. 2749 (111th): Food Safety Enhancement Act of 2009,external,days,high,Congressional vote — legislative action external to firm,,,,
vote_H_2009__20090730_PM,,PM,2009-07-30,H.R. 2749 (111th): Food Safety Enhancement Act of 2009,external,days,high,Congressional vote — legislative action external to firm,,,,
vote_H_2009__20090730_MDLZ,,MDLZ,2009-07-30,H.R. 2749 (111th): Food Safety Enhancement Act of 2009,external,days,high,Congressional vote — legislative action external to firm,,,,
vote_H_2009__20090730_KDP,,KDP,2009-07-30,H.R. 2749 (111th): Food Safety Enhancement Act of 2009,external,days,high,Congressional vote — legislative action external to firm,,,,
vote_H_2009__20090730_GIS,,GIS,2009-07-30,H.R. 2749 (111th): Food Safety Enhancement Act of 2009,external,days,high,Congressional vote — legislative action external to firm,,,,
vote_H_2009__20090730_MO,,MO,2009-07-30,H.R. 2749 (111th): Food Safety Enhancement Act of 2009,external,days,high,Congressional vote — legislative action external to firm,,,,
vote_H_2009__20090730_KO,,KO,2009-07-30,H.R. 2749 (111th): Food Safety Enhancement Act of 2009,external,days,high,Congressional vote — legislative action external to firm,,,,
vote_H_2009__20090730_TAP,,TAP,2009-07-30,H.R. 2749 (111th): Food Safety Enhancement Act of 2009,external,days,high,Congressional vote — legislative action external to firm,,,,
vote_H_2009__20090730_HSY,,HSY,2009-07-30,H.R. 2749 (111th): Food Safety Enhancement Act of 2009,external,days,high,Congressional vote — legislative action external to firm,,,,
vote_H_2009__20090730_CPB,,CPB,2009-07-30,H.R. 2749 (111th): Food Safety Enhancement Act of 2009,external,days,high,Congressional vote — legislative action external to firm,,,,
vote_H_2024__20240321_CVX,,CVX,2024-03-21,"H.Res. 987 (118th): Denouncing the harmful, anti-American energy policies of the Biden administration, and for other purposes.",external,days,high,Congressional vote — legislative action external to firm,,,,
vote_H_2024__20240321_XOM,,XOM,2024-03-21,"H.Res. 987 (118th): Denouncing the harmful, anti-American energy policies of the Biden administration, and for other purposes.",external,days,high,Congressional vote — legislative action external to firm,,,,
vote_H_2009__20090430_MET,,MET,2009-04-30,H.Res. 379 (111th): Providing for further consideration of the bill (H.R. 627) to amend the Truth in Lending Act to ...,external,days,high,Congressional vote — legislative action external to firm,,,,
vote_H_2009__20090430_MA,,MA,2009-04-30,H.Res. 379 (111th): Providing for further consideration of the bill (H.R. 627) to amend the Truth in Lending Act to ...,external,days,high,Congressional vote — legislative action external to firm,,,,
vote_H_2009__20090430_V,,V,2009-04-30,H.Res. 379 (111th): Providing for further consideration of the bill (H.R. 627) to amend the Truth in Lending Act to ...,external,days,high,Congressional vote — legislative action external to firm,,,,
vote_H_2009__20090430_JPM,,JPM,2009-04-30,H.Res. 379 (111th): Providing for further consideration of the bill (H.R. 627) to amend the Truth in Lending Act to ...,external,days,high,Congressional vote — legislative action external to firm,,,,
vote_H_2009__20090430_BAC,,BAC,2009-04-30,H.Res. 379 (111th): Providing for further consideration of the bill (H.R. 627) to amend the Truth in Lending Act to ...,external,days,high,Congressional vote — legislative action external to firm,,,,
vote_H_2009__20090430_AXP,,AXP,2009-04-30,H.Res. 379 (111th): Providing for further consideration of the bill (H.R. 627) to amend the Truth in Lending Act to ...,external,days,high,Congressional vote — legislative action external to firm,,,,
vote_H_2009__20090430_WFC,,WFC,2009-04-30,H.Res. 379 (111th): Providing for further consideration of the bill (H.R. 627) to amend the Truth in Lending Act to ...,external,days,high,Congressional vote — legislative action external to firm,,,,
vote_H_2009__20090430_C,,C,2009-04-30,H.Res. 379 (111th): Providing for further consideration of the bill (H.R. 627) to amend the Truth in Lending Act to ...,external,days,high,Congressional vote — legislative action external to firm,,,,
vote_H_2018__20180117_MET,,MET,2018-01-17,H.R. 3326: World Bank Accountability Act of 2017,external,days,high,Congressional vote — legislative action external to firm,,,,
vote_H_2018__20180117_MA,,MA,2018-01-17,H.R. 3326: World Bank Accountability Act of 2017,external,days,high,Congressional vote — legislative action external to firm,,,,
vote_H_2018__20180117_V,,V,2018-01-17,H.R. 3326: World Bank Accountability Act of 2017,external,days,high,Congressional vote — legislative action external to firm,,,,
vote_H_2018__20180117_UBS,,UBS,2018-01-17,H.R. 3326: World Bank Accountability Act of 2017,external,days,high,Congressional vote — legislative action external to firm,,,,
vote_H_2018__20180117_JPM,,JPM,2018-01-17,H.R. 3326: World Bank Accountability Act of 2017,external,days,high,Congressional vote — legislative action external to firm,,,,
vote_H_2018__20180117_BAC,,BAC,2018-01-17,H.R. 3326: World Bank Accountability Act of 2017,external,days,high,Congressional vote — legislative action external to firm,,,,
vote_H_2018__20180117_AXP,,AXP,2018-01-17,H.R. 3326: World Bank Accountability Act of 2017,external,days,high,Congressional vote — legislative action external to firm,,,,
vote_H_2018__20180117_WFC,,WFC,2018-01-17,H.R. 3326: World Bank Accountability Act of 2017,external,days,high,Congressional vote — legislative action external to firm,,,,
vote_H_2018__20180117_PYPL,,PYPL,2018-01-17,H.R. 3326: World Bank Accountability Act of 2017,external,days,high,Congressional vote — legislative action external to firm,,,,
vote_H_2018__20180117_C,,C,2018-01-17,H.R. 3326: World Bank Accountability Act of 2017,external,days,high,Congressional vote — legislative action external to firm,,,,
vote_H_2013__20131002_TMO,,TMO,2013-10-02,"H.J.Res. 73 (113th): National Institutes of Health Continuing Appropriations Resolution, 2014",external,days,high,Congressional vote — legislative action external to firm,,,,
vote_H_2013__20131002_PG,,PG,2013-10-02,"H.J.Res. 73 (113th): National Institutes of Health Continuing Appropriations Resolution, 2014",external,days,high,Congressional vote — legislative action external to firm,,,,
vote_H_2013__20131002_DHR,,DHR,2013-10-02,"H.J.Res. 73 (113th): National Institutes of Health Continuing Appropriations Resolution, 2014",external,days,high,Congressional vote — legislative action external to firm,,,,
vote_H_2013__20131002_EPC,,EPC,2013-10-02,"H.J.Res. 73 (113th): National Institutes of Health Continuing Appropriations Resolution, 2014",external,days,high,Congressional vote — legislative action external to firm,,,,
scotus_2006-029_20070417_MET,,MET,2007-04-17,"GLOBAL CROSSING TELECOMMUNICATIONS, INC. v. METROPHONES TELECOMMUNICATIONS, INC.",external,hours,high,Court decision — judicial ruling external to firm,,,,
scotus_2006-029_20070417_MA,,MA,2007-04-17,"GLOBAL CROSSING TELECOMMUNICATIONS, INC. v. METROPHONES TELECOMMUNICATIONS, INC.",external,hours,high,Court decision — judicial ruling external to firm,,,,
scotus_2006-029_20070417_WFC,,WFC,2007-04-17,"GLOBAL CROSSING TELECOMMUNICATIONS, INC. v. METROPHONES TELECOMMUNICATIONS, INC.",external,hours,high,Court decision — judicial ruling external to firm,,,,
scotus_2006-029_20070417_JPM,,JPM,2007-04-17,"GLOBAL CROSSING TELECOMMUNICATIONS, INC. v. METROPHONES TELECOMMUNICATIONS, INC.",external,hours,high,Court decision — judicial ruling external to firm,,,,
scotus_2006-029_20070417_AXP,,AXP,2007-04-17,"GLOBAL CROSSING TELECOMMUNICATIONS, INC. v. METROPHONES TELECOMMUNICATIONS, INC.",external,hours,high,Court decision — judicial ruling external to firm,,,,
scotus_2006-029_20070417_BAC,,BAC,2007-04-17,"GLOBAL CROSSING TELECOMMUNICATIONS, INC. v. METROPHONES TELECOMMUNICATIONS, INC.",external,hours,high,Court decision — judicial ruling external to firm,,,,
scotus_2006-029_20070417_C,,C,2007-04-17,"GLOBAL CROSSING TELECOMMUNICATIONS, INC. v. METROPHONES TELECOMMUNICATIONS, INC.",external,hours,high,Court decision — judicial ruling external to firm,,,,
vote_H_2018__20181220_AAL,,AAL,2018-12-20,"H.Res. 1181: Waiving a requirement of clause 6(a) of rule XIII with respect to consideration of certain resolutions reported from the Committee on Rules, and providing for consideration of motions to suspend the rules.",external,days,high,Congressional vote — legislative action external to firm,,,,
vote_H_2018__20181220_DAL,,DAL,2018-12-20,"H.Res. 1181: Waiving a requirement of clause 6(a) of rule XIII with respect to consideration of certain resolutions reported from the Committee on Rules, and providing for consideration of motions to suspend the rules.",external,days,high,Congressional vote — legislative action external to firm,,,,
vote_H_2018__20181220_UAL,,UAL,2018-12-20,"H.Res. 1181: Waiving a requirement of clause 6(a) of rule XIII with respect to consideration of certain resolutions reported from the Committee on Rules, and providing for consideration of motions to suspend the rules.",external,days,high,Congressional vote — legislative action external to firm,,,,
eo_13330_20040224_AAL,,AAL,2004-02-24,EO 13330: Human Service Transportation Coordination,external,hours,high,Executive order — presidential action external to firm,,,,
eo_13330_20040224_DAL,,DAL,2004-02-24,EO 13330: Human Service Transportation Coordination,external,hours,high,Executive order — presidential action external to firm,,,,
eo_13330_20040224_UAL,,UAL,2004-02-24,EO 13330: Human Service Transportation Coordination,external,hours,high,Executive order — presidential action external to firm,,,,
scotus_2010-004_20101213_MET,,MET,2010-12-13,"COSTCO WHOLESALE CORPORATION, PETITIONER  v. OMEGA, S.A.",external,hours,high,Court decision — judicial ruling external to firm,,,,
scotus_2010-004_20101213_MA,,MA,2010-12-13,"COSTCO WHOLESALE CORPORATION, PETITIONER  v. OMEGA, S.A.",external,hours,high,Court decision — judicial ruling external to firm,,,,
scotus_2010-004_20101213_V,,V,2010-12-13,"COSTCO WHOLESALE CORPORATION, PETITIONER  v. OMEGA, S.A.",external,hours,high,Court decision — judicial ruling external to firm,,,,
scotus_2010-004_20101213_JPM,,JPM,2010-12-13,"COSTCO WHOLESALE CORPORATION, PETITIONER  v. OMEGA, S.A.",external,hours,high,Court decision — judicial ruling external to firm,,,,
scotus_2010-004_20101213_BAC,,BAC,2010-12-13,"COSTCO WHOLESALE CORPORATION, PETITIONER  v. OMEGA, S.A.",external,hours,high,Court decision — judicial ruling external to firm,,,,
scotus_2010-004_20101213_AXP,,AXP,2010-12-13,"COSTCO WHOLESALE CORPORATION, PETITIONER  v. OMEGA, S.A.",external,hours,high,Court decision — judicial ruling external to firm,,,,
scotus_2010-004_20101213_WFC,,WFC,2010-12-13,"COSTCO WHOLESALE CORPORATION, PETITIONER  v. OMEGA, S.A.",external,hours,high,Court decision — judicial ruling external to firm,,,,
scotus_2010-004_20101213_C,,C,2010-12-13,"COSTCO WHOLESALE CORPORATION, PETITIONER  v. OMEGA, S.A.",external,hours,high,Court decision — judicial ruling external to firm,,,,
vote_H_2001__20011220_F,,F,2001-12-20,H.R. 3338 (107th): Department of Defense and Emergency Supplemental Appropriations for Recovery from and Response to Terrorist Attacks on the ...,external,days,high,Congressional vote — legislative action external to firm,,,,
vote_H_2005__20050505_IBM,,IBM,2005-05-05,"H.R. 1268 (109th): Emergency Supplemental Appropriations Act for Defense, the Global War on Terror, and Tsunami Relief, 2005",external,days,high,Congressional vote — legislative action external to firm,,,,
vote_H_2005__20050505_LMT,,LMT,2005-05-05,"H.R. 1268 (109th): Emergency Supplemental Appropriations Act for Defense, the Global War on Terror, and Tsunami Relief, 2005",external,days,high,Congressional vote — legislative action external to firm,,,,
vote_H_2005__20050505_CRM,,CRM,2005-05-05,"H.R. 1268 (109th): Emergency Supplemental Appropriations Act for Defense, the Global War on Terror, and Tsunami Relief, 2005",external,days,high,Congressional vote — legislative action external to firm,,,,
vote_H_2005__20050505_ADBE,,ADBE,2005-05-05,"H.R. 1268 (109th): Emergency Supplemental Appropriations Act for Defense, the Global War on Terror, and Tsunami Relief, 2005",external,days,high,Congressional vote — legislative action external to firm,,,,
vote_H_2005__20050505_BA,,BA,2005-05-05,"H.R. 1268 (109th): Emergency Supplemental Appropriations Act for Defense, the Global War on Terror, and Tsunami Relief, 2005",external,days,high,Congressional vote — legislative action external to firm,,,,
vote_H_2005__20050505_F,,F,2005-05-05,"H.R. 1268 (109th): Emergency Supplemental Appropriations Act for Defense, the Global War on Terror, and Tsunami Relief, 2005",external,days,high,Congressional vote — legislative action external to firm,,,,
vote_H_2000__20001018_F,,F,2000-10-18,H.Res. 631 (106th): Honoring the members of the crew of the guided missile destroyer U.S.S. COLE (DDG-67) who were killed ...,external,days,high,Congressional vote — legislative action external to firm,,,,
vote_H_2016__20160202_AAL,,AAL,2016-02-02,H.Res. 594: Providing for consideration of the bill (H.R. 3700) to provide housing opportunities in the United States through modernization ...,external,days,high,Congressional vote — legislative action external to firm,,,,
vote_H_2016__20160202_DAL,,DAL,2016-02-02,H.Res. 594: Providing for consideration of the bill (H.R. 3700) to provide housing opportunities in the United States through modernization ...,external,days,high,Congressional vote — legislative action external to firm,,,,
vote_H_2016__20160202_UAL,,UAL,2016-02-02,H.Res. 594: Providing for consideration of the bill (H.R. 3700) to provide housing opportunities in the United States through modernization ...,external,days,high,Congressional vote — legislative action external to firm,,,,
scotus_2014-033_20150422_MET,,MET,2015-04-22,UNITED STATES v. KWAI FUN WONG,external,hours,high,Court decision — judicial ruling external to firm,,,,
scotus_2014-033_20150422_MA,,MA,2015-04-22,UNITED STATES v. KWAI FUN WONG,external,hours,high,Court decision — judicial ruling external to firm,,,,
scotus_2014-033_20150422_V,,V,2015-04-22,UNITED STATES v. KWAI FUN WONG,external,hours,high,Court decision — judicial ruling external to firm,,,,
scotus_2014-033_20150422_JPM,,JPM,2015-04-22,UNITED STATES v. KWAI FUN WONG,external,hours,high,Court decision — judicial ruling external to firm,,,,
scotus_2014-033_20150422_BAC,,BAC,2015-04-22,UNITED STATES v. KWAI FUN WONG,external,hours,high,Court decision — judicial ruling external to firm,,,,
scotus_2014-033_20150422_AXP,,AXP,2015-04-22,UNITED STATES v. KWAI FUN WONG,external,hours,high,Court decision — judicial ruling external to firm,,,,
scotus_2014-033_20150422_WFC,,WFC,2015-04-22,UNITED STATES v. KWAI FUN WONG,external,hours,high,Court decision — judicial ruling external to firm,,,,
scotus_2014-033_20150422_C,,C,2015-04-22,UNITED STATES v. KWAI FUN WONG,external,hours,high,Court decision — judicial ruling external to firm,,,,
vote_S_2005__20050729_CVX,,CVX,2005-07-29,H.R. 6 (109th): Energy Policy Act of 2005,external,days,high,Congressional vote — legislative action external to firm,,,,
vote_H_2011__20110503_TMO,,TMO,2011-05-03,H.R. 1213 (112th): To repeal mandatory funding provided to States in the Patient Protection and Affordable Care Act to establish ...,external,days,high,Congressional vote — legislative action external to firm,,,,
vote_H_2011__20110503_PG,,PG,2011-05-03,H.R. 1213 (112th): To repeal mandatory funding provided to States in the Patient Protection and Affordable Care Act to establish ...,external,days,high,Congressional vote — legislative action external to firm,,,,
vote_H_2011__20110503_DHR,,DHR,2011-05-03,H.R. 1213 (112th): To repeal mandatory funding provided to States in the Patient Protection and Affordable Care Act to establish ...,external,days,high,Congressional vote — legislative action external to firm,,,,
vote_H_2011__20110503_EPC,,EPC,2011-05-03,H.R. 1213 (112th): To repeal mandatory funding provided to States in the Patient Protection and Affordable Care Act to establish ...,external,days,high,Congressional vote — legislative action external to firm,,,,
vote_H_2019__20190712_IBM,,IBM,2019-07-12,H.R. 2500: National Defense Authorization Act for Fiscal Year 2020,external,days,high,Congressional vote — legislative action external to firm,,,,
vote_H_2019__20190712_GM,,GM,2019-07-12,H.R. 2500: National Defense Authorization Act for Fiscal Year 2020,external,days,high,Congressional vote — legislative action external to firm,,,,
vote_H_2019__20190712_TSLA,,TSLA,2019-07-12,H.R. 2500: National Defense Authorization Act for Fiscal Year 2020,external,days,high,Congressional vote — legislative action external to firm,,,,
vote_H_2019__20190712_CRM,,CRM,2019-07-12,H.R. 2500: National Defense Authorization Act for Fiscal Year 2020,external,days,high,Congressional vote — legislative action external to firm,,,,
vote_H_2019__20190712_ADBE,,ADBE,2019-07-12,H.R. 2500: National Defense Authorization Act for Fiscal Year 2020,external,days,high,Congressional vote — legislative action external to firm,,,,
vote_H_2019__20190712_BA,,BA,2019-07-12,H.R. 2500: National Defense Authorization Act for Fiscal Year 2020,external,days,high,Congressional vote — legislative action external to firm,,,,
vote_H_2019__20190712_LMT,,LMT,2019-07-12,H.R. 2500: National Defense Authorization Act for Fiscal Year 2020,external,days,high,Congressional vote — legislative action external to firm,,,,
vote_H_2019__20190712_F,,F,2019-07-12,H.R. 2500: National Defense Authorization Act for Fiscal Year 2020,external,days,high,Congressional vote — legislative action external to firm,,,,
vote_H_2016__20160526_AAL,,AAL,2016-05-26,"H.Res. 751: Relating to consideration of the Senate amendment to the bill (H.R. 2577) making appropriations for the Departments of Transportation, and Housing and Urban Development, and related agencies for the fiscal year ending September 30, 2016, and f",external,days,high,Congressional vote — legislative action external to firm,,,,
vote_H_2016__20160526_DAL,,DAL,2016-05-26,"H.Res. 751: Relating to consideration of the Senate amendment to the bill (H.R. 2577) making appropriations for the Departments of Transportation, and Housing and Urban Development, and related agencies for the fiscal year ending September 30, 2016, and f",external,days,high,Congressional vote — legislative action external to firm,,,,
vote_H_2016__20160526_UAL,,UAL,2016-05-26,"H.Res. 751: Relating to consideration of the Senate amendment to the bill (H.R. 2577) making appropriations for the Departments of Transportation, and Housing and Urban Development, and related agencies for the fiscal year ending September 30, 2016, and f",external,days,high,Congressional vote — legislative action external to firm,,,,
vote_H_2023__20230324_MA,,MA,2023-03-24,H.R. 5 (118th): Parents Bill of Rights Act,external,days,high,Congressional vote — legislative action external to firm,,,,
vote_H_2023__20230324_V,,V,2023-03-24,H.R. 5 (118th): Parents Bill of Rights Act,external,days,high,Congressional vote — legislative action external to firm,,,,
vote_H_2023__20230324_UBS,,UBS,2023-03-24,H.R. 5 (118th): Parents Bill of Rights Act,external,days,high,Congressional vote — legislative action external to firm,,,,
vote_H_2023__20230324_JPM,,JPM,2023-03-24,H.R. 5 (118th): Parents Bill of Rights Act,external,days,high,Congressional vote — legislative action external to firm,,,,
vote_H_2023__20230324_BAC,,BAC,2023-03-24,H.R. 5 (118th): Parents Bill of Rights Act,external,days,high,Congressional vote — legislative action external to firm,,,,
vote_H_2023__20230324_AXP,,AXP,2023-03-24,H.R. 5 (118th): Parents Bill of Rights Act,external,days,high,Congressional vote — legislative action external to firm,,,,
vote_H_2023__20230324_WFC,,WFC,2023-03-24,H.R. 5 (118th): Parents Bill of Rights Act,external,days,high,Congressional vote — legislative action external to firm,,,,
vote_H_2023__20230324_PYPL,,PYPL,2023-03-24,H.R. 5 (118th): Parents Bill of Rights Act,external,days,high,Congressional vote — legislative action external to firm,,,,
vote_H_2023__20230324_C,,C,2023-03-24,H.R. 5 (118th): Parents Bill of Rights Act,external,days,high,Congressional vote — legislative action external to firm,,,,
vote_H_2003__20030624_BA,,BA,2003-06-24,"H.R. 2555 (108th): Department of Homeland Security Appropriations Act, 2004",external,days,high,Congressional vote — legislative action external to firm,,,,
eo_13549_20100818_IBM,,IBM,2010-08-18,"EO 13549: Classified National Security Information Program for State, Local, Tribal, and Private Sector Entities",external,hours,high,Executive order — presidential action external to firm,,,,
eo_13549_20100818_GM,,GM,2010-08-18,"EO 13549: Classified National Security Information Program for State, Local, Tribal, and Private Sector Entities",external,hours,high,Executive order — presidential action external to firm,,,,
eo_13549_20100818_TSLA,,TSLA,2010-08-18,"EO 13549: Classified National Security Information Program for State, Local, Tribal, and Private Sector Entities",external,hours,high,Executive order — presidential action external to firm,,,,
eo_13549_20100818_CRM,,CRM,2010-08-18,"EO 13549: Classified National Security Information Program for State, Local, Tribal, and Private Sector Entities",external,hours,high,Executive order — presidential action external to firm,,,,
eo_13549_20100818_ADBE,,ADBE,2010-08-18,"EO 13549: Classified National Security Information Program for State, Local, Tribal, and Private Sector Entities",external,hours,high,Executive order — presidential action external to firm,,,,
eo_13549_20100818_BA,,BA,2010-08-18,"EO 13549: Classified National Security Information Program for State, Local, Tribal, and Private Sector Entities",external,hours,high,Executive order — presidential action external to firm,,,,
eo_13549_20100818_LMT,,LMT,2010-08-18,"EO 13549: Classified National Security Information Program for State, Local, Tribal, and Private Sector Entities",external,hours,high,Executive order — presidential action external to firm,,,,
eo_13549_20100818_F,,F,2010-08-18,"EO 13549: Classified National Security Information Program for State, Local, Tribal, and Private Sector Entities",external,hours,high,Executive order — presidential action external to firm,,,,
scotus_2013-063_20140623_MET,,MET,2014-06-23,UTIL. AIR REGULATORY GROUP v. EPA,external,hours,high,Court decision — judicial ruling external to firm,,,,
scotus_2013-063_20140623_MA,,MA,2014-06-23,UTIL. AIR REGULATORY GROUP v. EPA,external,hours,high,Court decision — judicial ruling external to firm,,,,
scotus_2013-063_20140623_V,,V,2014-06-23,UTIL. AIR REGULATORY GROUP v. EPA,external,hours,high,Court decision — judicial ruling external to firm,,,,
scotus_2013-063_20140623_JPM,,JPM,2014-06-23,UTIL. AIR REGULATORY GROUP v. EPA,external,hours,high,Court decision — judicial ruling external to firm,,,,
scotus_2013-063_20140623_BAC,,BAC,2014-06-23,UTIL. AIR REGULATORY GROUP v. EPA,external,hours,high,Court decision — judicial ruling external to firm,,,,
scotus_2013-063_20140623_AXP,,AXP,2014-06-23,UTIL. AIR REGULATORY GROUP v. EPA,external,hours,high,Court decision — judicial ruling external to firm,,,,
scotus_2013-063_20140623_WFC,,WFC,2014-06-23,UTIL. AIR REGULATORY GROUP v. EPA,external,hours,high,Court decision — judicial ruling external to firm,,,,
scotus_2013-063_20140623_C,,C,2014-06-23,UTIL. AIR REGULATORY GROUP v. EPA,external,hours,high,Court decision — judicial ruling external to firm,,,,
eo_13529_20100116_IBM,,IBM,2010-01-16,EO 13529: Ordering the Selected Reserve and Certain Individual Ready Reserve Members of the Armed Forces to Active Duty,external,hours,high,Executive order — presidential action external to firm,,,,
eo_13529_20100116_CRM,,CRM,2010-01-16,EO 13529: Ordering the Selected Reserve and Certain Individual Ready Reserve Members of the Armed Forces to Active Duty,external,hours,high,Executive order — presidential action external to firm,,,,
eo_13529_20100116_ADBE,,ADBE,2010-01-16,EO 13529: Ordering the Selected Reserve and Certain Individual Ready Reserve Members of the Armed Forces to Active Duty,external,hours,high,Executive order — presidential action external to firm,,,,
eo_13529_20100116_BA,,BA,2010-01-16,EO 13529: Ordering the Selected Reserve and Certain Individual Ready Reserve Members of the Armed Forces to Active Duty,external,hours,high,Executive order — presidential action external to firm,,,,
eo_13529_20100116_LMT,,LMT,2010-01-16,EO 13529: Ordering the Selected Reserve and Certain Individual Ready Reserve Members of the Armed Forces to Active Duty,external,hours,high,Executive order — presidential action external to firm,,,,
eo_13529_20100116_F,,F,2010-01-16,EO 13529: Ordering the Selected Reserve and Certain Individual Ready Reserve Members of the Armed Forces to Active Duty,external,hours,high,Executive order — presidential action external to firm,,,,
vote_H_2025__20250227_CVX,,CVX,2025-02-27,"H.J.Res. 20: Providing for congressional disapproval under chapter 8 of title 5, United States Code, of the rule submitted by the Department of Energy relating to “Energy Conservation Program: Energy Conservation Standards for Consumer Gas-fired Instanta",external,days,high,Congressional vote — legislative action external to firm,,,,
vote_H_2025__20250227_XOM,,XOM,2025-02-27,"H.J.Res. 20: Providing for congressional disapproval under chapter 8 of title 5, United States Code, of the rule submitted by the Department of Energy relating to “Energy Conservation Program: Energy Conservation Standards for Consumer Gas-fired Instanta",external,days,high,Congressional vote — legislative action external to firm,,,,
vote_S_2011__20110503_IBM,,IBM,2011-05-03,S.Res. 159 (112th): A resolution honoring the members of the military and intelligence community who carried out the mission that ...,external,days,high,Congressional vote — legislative action external to firm,,,,
vote_S_2011__20110503_GM,,GM,2011-05-03,S.Res. 159 (112th): A resolution honoring the members of the military and intelligence community who carried out the mission that ...,external,days,high,Congressional vote — legislative action external to firm,,,,
vote_S_2011__20110503_TSLA,,TSLA,2011-05-03,S.Res. 159 (112th): A resolution honoring the members of the military and intelligence community who carried out the mission that ...,external,days,high,Congressional vote — legislative action external to firm,,,,
vote_S_2011__20110503_CRM,,CRM,2011-05-03,S.Res. 159 (112th): A resolution honoring the members of the military and intelligence community who carried out the mission that ...,external,days,high,Congressional vote — legislative action external to firm,,,,
vote_S_2011__20110503_ADBE,,ADBE,2011-05-03,S.Res. 159 (112th): A resolution honoring the members of the military and intelligence community who carried out the mission that ...,external,days,high,Congressional vote — legislative action external to firm,,,,
vote_S_2011__20110503_BA,,BA,2011-05-03,S.Res. 159 (112th): A resolution honoring the members of the military and intelligence community who carried out the mission that ...,external,days,high,Congressional vote — legislative action external to firm,,,,
vote_S_2011__20110503_LMT,,LMT,2011-05-03,S.Res. 159 (112th): A resolution honoring the members of the military and intelligence community who carried out the mission that ...,external,days,high,Congressional vote — legislative action external to firm,,,,
vote_S_2011__20110503_F,,F,2011-05-03,S.Res. 159 (112th): A resolution honoring the members of the military and intelligence community who carried out the mission that ...,external,days,high,Congressional vote — legislative action external to firm,,,,
vote_S_2003__20030910_TMO,,TMO,2003-09-10,"H.R. 2660 (108th): Departments of Labor, Health and Human Services, and Education, and Related Agencies Appropriations Act, 2004",external,days,high,Congressional vote — legislative action external to firm,,,,
vote_S_2003__20030910_PG,,PG,2003-09-10,"H.R. 2660 (108th): Departments of Labor, Health and Human Services, and Education, and Related Agencies Appropriations Act, 2004",external,days,high,Congressional vote — legislative action external to firm,,,,
vote_S_2003__20030910_DHR,,DHR,2003-09-10,"H.R. 2660 (108th): Departments of Labor, Health and Human Services, and Education, and Related Agencies Appropriations Act, 2004",external,days,high,Congressional vote — legislative action external to firm,,,,
vote_S_2003__20030910_EPC,,EPC,2003-09-10,"H.R. 2660 (108th): Departments of Labor, Health and Human Services, and Education, and Related Agencies Appropriations Act, 2004",external,days,high,Congressional vote — legislative action external to firm,,,,
scotus_2013-055_20140609_MET,,MET,2014-06-09,EXECUTIVE BENEFITS INS. AGENCY v. ARKISON,external,hours,high,Court decision — judicial ruling external to firm,,,,
scotus_2013-055_20140609_MA,,MA,2014-06-09,EXECUTIVE BENEFITS INS. AGENCY v. ARKISON,external,hours,high,Court decision — judicial ruling external to firm,,,,
scotus_2013-055_20140609_V,,V,2014-06-09,EXECUTIVE BENEFITS INS. AGENCY v. ARKISON,external,hours,high,Court decision — judicial ruling external to firm,,,,
scotus_2013-055_20140609_JPM,,JPM,2014-06-09,EXECUTIVE BENEFITS INS. AGENCY v. ARKISON,external,hours,high,Court decision — judicial ruling external to firm,,,,
scotus_2013-055_20140609_BAC,,BAC,2014-06-09,EXECUTIVE BENEFITS INS. AGENCY v. ARKISON,external,hours,high,Court decision — judicial ruling external to firm,,,,
scotus_2013-055_20140609_AXP,,AXP,2014-06-09,EXECUTIVE BENEFITS INS. AGENCY v. ARKISON,external,hours,high,Court decision — judicial ruling external to firm,,,,
scotus_2013-055_20140609_WFC,,WFC,2014-06-09,EXECUTIVE BENEFITS INS. AGENCY v. ARKISON,external,hours,high,Court decision — judicial ruling external to firm,,,,
scotus_2013-055_20140609_C,,C,2014-06-09,EXECUTIVE BENEFITS INS. AGENCY v. ARKISON,external,hours,high,Court decision — judicial ruling external to firm,,,,
eo_14370_20251218_TMO,,TMO,2025-12-18,EO 14370: Increasing Medical Marijuana and Cannabidiol Research,external,hours,high,Executive order — presidential action external to firm,,,,
eo_14370_20251218_PG,,PG,2025-12-18,EO 14370: Increasing Medical Marijuana and Cannabidiol Research,external,hours,high,Executive order — presidential action external to firm,,,,
eo_14370_20251218_DHR,,DHR,2025-12-18,EO 14370: Increasing Medical Marijuana and Cannabidiol Research,external,hours,high,Executive order — presidential action external to firm,,,,
eo_14370_20251218_ELF,,ELF,2025-12-18,EO 14370: Increasing Medical Marijuana and Cannabidiol Research,external,hours,high,Executive order — presidential action external to firm,,,,
eo_14370_20251218_EPC,,EPC,2025-12-18,EO 14370: Increasing Medical Marijuana and Cannabidiol Research,external,hours,high,Executive order — presidential action external to firm,,,,
vote_H_2001__20011017_F,,F,2001-10-17,"H.R. 2904 (107th): Military Construction Appropriations Act, 2002",external,days,high,Congressional vote — legislative action external to firm,,,,
vote_H_2013__20130604_IBM,,IBM,2013-06-04,"H.R. 2216 (113th): Military Construction and Veterans Affairs, and Related Agencies Appropriations Act, 2014",external,days,high,Congressional vote — legislative action external to firm,,,,
vote_H_2013__20130604_GM,,GM,2013-06-04,"H.R. 2216 (113th): Military Construction and Veterans Affairs, and Related Agencies Appropriations Act, 2014",external,days,high,Congressional vote — legislative action external to firm,,,,
vote_H_2013__20130604_TSLA,,TSLA,2013-06-04,"H.R. 2216 (113th): Military Construction and Veterans Affairs, and Related Agencies Appropriations Act, 2014",external,days,high,Congressional vote — legislative action external to firm,,,,
vote_H_2013__20130604_CRM,,CRM,2013-06-04,"H.R. 2216 (113th): Military Construction and Veterans Affairs, and Related Agencies Appropriations Act, 2014",external,days,high,Congressional vote — legislative action external to firm,,,,
vote_H_2013__20130604_ADBE,,ADBE,2013-06-04,"H.R. 2216 (113th): Military Construction and Veterans Affairs, and Related Agencies Appropriations Act, 2014",external,days,high,Congressional vote — legislative action external to firm,,,,
vote_H_2013__20130604_BA,,BA,2013-06-04,"H.R. 2216 (113th): Military Construction and Veterans Affairs, and Related Agencies Appropriations Act, 2014",external,days,high,Congressional vote — legislative action external to firm,,,,
vote_H_2013__20130604_LMT,,LMT,2013-06-04,"H.R. 2216 (113th): Military Construction and Veterans Affairs, and Related Agencies Appropriations Act, 2014",external,days,high,Congressional vote — legislative action external to firm,,,,
vote_H_2013__20130604_F,,F,2013-06-04,"H.R. 2216 (113th): Military Construction and Veterans Affairs, and Related Agencies Appropriations Act, 2014",external,days,high,Congressional vote — legislative action external to firm,,,,
vote_H_2022__20220518_IBM,,IBM,2022-05-18,"H.Res. 1124: Providing for consideration of the bill (H.R. 350) to authorize dedicated domestic terrorism offices within the Department of Homeland Security, the Department of Justice, and the Federal Bureau of Investigation to analyze and monitor domest",external,days,high,Congressional vote — legislative action external to firm,,,,
vote_H_2022__20220518_GM,,GM,2022-05-18,"H.Res. 1124: Providing for consideration of the bill (H.R. 350) to authorize dedicated domestic terrorism offices within the Department of Homeland Security, the Department of Justice, and the Federal Bureau of Investigation to analyze and monitor domest",external,days,high,Congressional vote — legislative action external to firm,,,,
vote_H_2022__20220518_TSLA,,TSLA,2022-05-18,"H.Res. 1124: Providing for consideration of the bill (H.R. 350) to authorize dedicated domestic terrorism offices within the Department of Homeland Security, the Department of Justice, and the Federal Bureau of Investigation to analyze and monitor domest",external,days,high,Congressional vote — legislative action external to firm,,,,
vote_H_2022__20220518_CRM,,CRM,2022-05-18,"H.Res. 1124: Providing for consideration of the bill (H.R. 350) to authorize dedicated domestic terrorism offices within the Department of Homeland Security, the Department of Justice, and the Federal Bureau of Investigation to analyze and monitor domest",external,days,high,Congressional vote — legislative action external to firm,,,,
vote_H_2022__20220518_ADBE,,ADBE,2022-05-18,"H.Res. 1124: Providing for consideration of the bill (H.R. 350) to authorize dedicated domestic terrorism offices within the Department of Homeland Security, the Department of Justice, and the Federal Bureau of Investigation to analyze and monitor domest",external,days,high,Congressional vote — legislative action external to firm,,,,
vote_H_2022__20220518_BA,,BA,2022-05-18,"H.Res. 1124: Providing for consideration of the bill (H.R. 350) to authorize dedicated domestic terrorism offices within the Department of Homeland Security, the Department of Justice, and the Federal Bureau of Investigation to analyze and monitor domest",external,days,high,Congressional vote — legislative action external to firm,,,,
vote_H_2022__20220518_LMT,,LMT,2022-05-18,"H.Res. 1124: Providing for consideration of the bill (H.R. 350) to authorize dedicated domestic terrorism offices within the Department of Homeland Security, the Department of Justice, and the Federal Bureau of Investigation to analyze and monitor domest",external,days,high,Congressional vote — legislative action external to firm,,,,
vote_H_2022__20220518_F,,F,2022-05-18,"H.Res. 1124: Providing for consideration of the bill (H.R. 350) to authorize dedicated domestic terrorism offices within the Department of Homeland Security, the Department of Justice, and the Federal Bureau of Investigation to analyze and monitor domest",external,days,high,Congressional vote — legislative action external to firm,,,,
vote_H_2008__20081210_MET,,MET,2008-12-10,"H.Res. 1534 (110th): Providing for consideration of the bill (H.R. 7321) to authorize financial assistance to eligible automobile manufacturers, and ...",external,days,high,Congressional vote — legislative action external to firm,,,,
vote_H_2008__20081210_MA,,MA,2008-12-10,"H.Res. 1534 (110th): Providing for consideration of the bill (H.R. 7321) to authorize financial assistance to eligible automobile manufacturers, and ...",external,days,high,Congressional vote — legislative action external to firm,,,,
vote_H_2008__20081210_V,,V,2008-12-10,"H.Res. 1534 (110th): Providing for consideration of the bill (H.R. 7321) to authorize financial assistance to eligible automobile manufacturers, and ...",external,days,high,Congressional vote — legislative action external to firm,,,,
vote_H_2008__20081210_JPM,,JPM,2008-12-10,"H.Res. 1534 (110th): Providing for consideration of the bill (H.R. 7321) to authorize financial assistance to eligible automobile manufacturers, and ...",external,days,high,Congressional vote — legislative action external to firm,,,,
vote_H_2008__20081210_BAC,,BAC,2008-12-10,"H.Res. 1534 (110th): Providing for consideration of the bill (H.R. 7321) to authorize financial assistance to eligible automobile manufacturers, and ...",external,days,high,Congressional vote — legislative action external to firm,,,,
vote_H_2008__20081210_AXP,,AXP,2008-12-10,"H.Res. 1534 (110th): Providing for consideration of the bill (H.R. 7321) to authorize financial assistance to eligible automobile manufacturers, and ...",external,days,high,Congressional vote — legislative action external to firm,,,,
vote_H_2008__20081210_WFC,,WFC,2008-12-10,"H.Res. 1534 (110th): Providing for consideration of the bill (H.R. 7321) to authorize financial assistance to eligible automobile manufacturers, and ...",external,days,high,Congressional vote — legislative action external to firm,,,,
vote_H_2008__20081210_C,,C,2008-12-10,"H.Res. 1534 (110th): Providing for consideration of the bill (H.R. 7321) to authorize financial assistance to eligible automobile manufacturers, and ...",external,days,high,Congressional vote — legislative action external to firm,,,,
vote_H_2015__20150414_MA,,MA,2015-04-14,H.R. 650: Preserving Access to Manufactured Housing Act of 2015,external,days,high,Congressional vote — legislative action external to firm,,,,
vote_H_2015__20150414_V,,V,2015-04-14,H.R. 650: Preserving Access to Manufactured Housing Act of 2015,external,days,high,Congressional vote — legislative action external to firm,,,,
vote_H_2015__20150414_JPM,,JPM,2015-04-14,H.R. 650: Preserving Access to Manufactured Housing Act of 2015,external,days,high,Congressional vote — legislative action external to firm,,,,
vote_H_2015__20150414_BAC,,BAC,2015-04-14,H.R. 650: Preserving Access to Manufactured Housing Act of 2015,external,days,high,Congressional vote — legislative action external to firm,,,,
vote_H_2015__20150414_AXP,,AXP,2015-04-14,H.R. 650: Preserving Access to Manufactured Housing Act of 2015,external,days,high,Congressional vote — legislative action external to firm,,,,
vote_H_2015__20150414_WFC,,WFC,2015-04-14,H.R. 650: Preserving Access to Manufactured Housing Act of 2015,external,days,high,Congressional vote — legislative action external to firm,,,,
vote_H_2015__20150414_C,,C,2015-04-14,H.R. 650: Preserving Access to Manufactured Housing Act of 2015,external,days,high,Congressional vote — legislative action external to firm,,,,
vote_H_2019__20190516_TMO,,TMO,2019-05-16,H.R. 987: Strengthening Health Care and Lowering Prescription Drug Costs Act,external,days,high,Congressional vote — legislative action external to firm,,,,
vote_H_2019__20190516_PG,,PG,2019-05-16,H.R. 987: Strengthening Health Care and Lowering Prescription Drug Costs Act,external,days,high,Congressional vote — legislative action external to firm,,,,
vote_H_2019__20190516_DHR,,DHR,2019-05-16,H.R. 987: Strengthening Health Care and Lowering Prescription Drug Costs Act,external,days,high,Congressional vote — legislative action external to firm,,,,
vote_H_2019__20190516_ELF,,ELF,2019-05-16,H.R. 987: Strengthening Health Care and Lowering Prescription Drug Costs Act,external,days,high,Congressional vote — legislative action external to firm,,,,
vote_H_2019__20190516_EPC,,EPC,2019-05-16,H.R. 987: Strengthening Health Care and Lowering Prescription Drug Costs Act,external,days,high,Congressional vote — legislative action external to firm,,,,
vote_S_2005__20051103_TMO,,TMO,2005-11-03,"H.R. 2744 (109th): Agriculture, Rural Development, Food and Drug Administration, and Related Agencies Appropriations Act, 2006",external,days,high,Congressional vote — legislative action external to firm,,,,
vote_S_2005__20051103_DHR,,DHR,2005-11-03,"H.R. 2744 (109th): Agriculture, Rural Development, Food and Drug Administration, and Related Agencies Appropriations Act, 2006",external,days,high,Congressional vote — legislative action external to firm,,,,
vote_S_2005__20051103_PG,,PG,2005-11-03,"H.R. 2744 (109th): Agriculture, Rural Development, Food and Drug Administration, and Related Agencies Appropriations Act, 2006",external,days,high,Congressional vote — legislative action external to firm,,,,
vote_S_2005__20051103_EPC,,EPC,2005-11-03,"H.R. 2744 (109th): Agriculture, Rural Development, Food and Drug Administration, and Related Agencies Appropriations Act, 2006",external,days,high,Congressional vote — legislative action external to firm,,,,
vote_S_2018__20180418_MET,,MET,2018-04-18,"S.J.Res. 57: A joint resolution providing for congressional disapproval under chapter 8 of title 5, United States Code, of the rule submitted by Bureau of Consumer Financial Protection relating to “Indirect Auto Lending and Compliance with the Equal Cred",external,days,high,Congressional vote — legislative action external to firm,,,,
vote_S_2018__20180418_MA,,MA,2018-04-18,"S.J.Res. 57: A joint resolution providing for congressional disapproval under chapter 8 of title 5, United States Code, of the rule submitted by Bureau of Consumer Financial Protection relating to “Indirect Auto Lending and Compliance with the Equal Cred",external,days,high,Congressional vote — legislative action external to firm,,,,
vote_S_2018__20180418_V,,V,2018-04-18,"S.J.Res. 57: A joint resolution providing for congressional disapproval under chapter 8 of title 5, United States Code, of the rule submitted by Bureau of Consumer Financial Protection relating to “Indirect Auto Lending and Compliance with the Equal Cred",external,days,high,Congressional vote — legislative action external to firm,,,,
vote_S_2018__20180418_UBS,,UBS,2018-04-18,"S.J.Res. 57: A joint resolution providing for congressional disapproval under chapter 8 of title 5, United States Code, of the rule submitted by Bureau of Consumer Financial Protection relating to “Indirect Auto Lending and Compliance with the Equal Cred",external,days,high,Congressional vote — legislative action external to firm,,,,
vote_S_2018__20180418_JPM,,JPM,2018-04-18,"S.J.Res. 57: A joint resolution providing for congressional disapproval under chapter 8 of title 5, United States Code, of the rule submitted by Bureau of Consumer Financial Protection relating to “Indirect Auto Lending and Compliance with the Equal Cred",external,days,high,Congressional vote — legislative action external to firm,,,,
vote_S_2018__20180418_BAC,,BAC,2018-04-18,"S.J.Res. 57: A joint resolution providing for congressional disapproval under chapter 8 of title 5, United States Code, of the rule submitted by Bureau of Consumer Financial Protection relating to “Indirect Auto Lending and Compliance with the Equal Cred",external,days,high,Congressional vote — legislative action external to firm,,,,
vote_S_2018__20180418_AXP,,AXP,2018-04-18,"S.J.Res. 57: A joint resolution providing for congressional disapproval under chapter 8 of title 5, United States Code, of the rule submitted by Bureau of Consumer Financial Protection relating to “Indirect Auto Lending and Compliance with the Equal Cred",external,days,high,Congressional vote — legislative action external to firm,,,,
vote_S_2018__20180418_WFC,,WFC,2018-04-18,"S.J.Res. 57: A joint resolution providing for congressional disapproval under chapter 8 of title 5, United States Code, of the rule submitted by Bureau of Consumer Financial Protection relating to “Indirect Auto Lending and Compliance with the Equal Cred",external,days,high,Congressional vote — legislative action external to firm,,,,
vote_S_2018__20180418_PYPL,,PYPL,2018-04-18,"S.J.Res. 57: A joint resolution providing for congressional disapproval under chapter 8 of title 5, United States Code, of the rule submitted by Bureau of Consumer Financial Protection relating to “Indirect Auto Lending and Compliance with the Equal Cred",external,days,high,Congressional vote — legislative action external to firm,,,,
vote_S_2018__20180418_C,,C,2018-04-18,"S.J.Res. 57: A joint resolution providing for congressional disapproval under chapter 8 of title 5, United States Code, of the rule submitted by Bureau of Consumer Financial Protection relating to “Indirect Auto Lending and Compliance with the Equal Cred",external,days,high,Congressional vote — legislative action external to firm,,,,
scotus_2011-036_20120326_MET,,MET,2012-03-26,"CREDIT SUISSE SECURITIES (USA) LLC, et al., PETITIONERS v. VANESSA SIMMONDS",external,hours,high,Court decision — judicial ruling external to firm,,,,
scotus_2011-036_20120326_MA,,MA,2012-03-26,"CREDIT SUISSE SECURITIES (USA) LLC, et al., PETITIONERS v. VANESSA SIMMONDS",external,hours,high,Court decision — judicial ruling external to firm,,,,
scotus_2011-036_20120326_V,,V,2012-03-26,"CREDIT SUISSE SECURITIES (USA) LLC, et al., PETITIONERS v. VANESSA SIMMONDS",external,hours,high,Court decision — judicial ruling external to firm,,,,
scotus_2011-036_20120326_JPM,,JPM,2012-03-26,"CREDIT SUISSE SECURITIES (USA) LLC, et al., PETITIONERS v. VANESSA SIMMONDS",external,hours,high,Court decision — judicial ruling external to firm,,,,
scotus_2011-036_20120326_BAC,,BAC,2012-03-26,"CREDIT SUISSE SECURITIES (USA) LLC, et al., PETITIONERS v. VANESSA SIMMONDS",external,hours,high,Court decision — judicial ruling external to firm,,,,
scotus_2011-036_20120326_AXP,,AXP,2012-03-26,"CREDIT SUISSE SECURITIES (USA) LLC, et al., PETITIONERS v. VANESSA SIMMONDS",external,hours,high,Court decision — judicial ruling external to firm,,,,
scotus_2011-036_20120326_WFC,,WFC,2012-03-26,"CREDIT SUISSE SECURITIES (USA) LLC, et al., PETITIONERS v. VANESSA SIMMONDS",external,hours,high,Court decision — judicial ruling external to firm,,,,
scotus_2011-036_20120326_C,,C,2012-03-26,"CREDIT SUISSE SECURITIES (USA) LLC, et al., PETITIONERS v. VANESSA SIMMONDS",external,hours,high,Court decision — judicial ruling external to firm,,,,
vote_S_2022__20221215_IBM,,IBM,2022-12-15,H.R. 7776 (117th): James M. Inhofe National Defense Authorization Act for Fiscal Year 2023,external,days,high,Congressional vote — legislative action external to firm,,,,
vote_S_2022__20221215_GM,,GM,2022-12-15,H.R. 7776 (117th): James M. Inhofe National Defense Authorization Act for Fiscal Year 2023,external,days,high,Congressional vote — legislative action external to firm,,,,
vote_S_2022__20221215_TSLA,,TSLA,2022-12-15,H.R. 7776 (117th): James M. Inhofe National Defense Authorization Act for Fiscal Year 2023,external,days,high,Congressional vote — legislative action external to firm,,,,
vote_S_2022__20221215_CRM,,CRM,2022-12-15,H.R. 7776 (117th): James M. Inhofe National Defense Authorization Act for Fiscal Year 2023,external,days,high,Congressional vote — legislative action external to firm,,,,
vote_S_2022__20221215_ADBE,,ADBE,2022-12-15,H.R. 7776 (117th): James M. Inhofe National Defense Authorization Act for Fiscal Year 2023,external,days,high,Congressional vote — legislative action external to firm,,,,
vote_S_2022__20221215_BA,,BA,2022-12-15,H.R. 7776 (117th): James M. Inhofe National Defense Authorization Act for Fiscal Year 2023,external,days,high,Congressional vote — legislative action external to firm,,,,
vote_S_2022__20221215_LMT,,LMT,2022-12-15,H.R. 7776 (117th): James M. Inhofe National Defense Authorization Act for Fiscal Year 2023,external,days,high,Congressional vote — legislative action external to firm,,,,
vote_S_2022__20221215_F,,F,2022-12-15,H.R. 7776 (117th): James M. Inhofe National Defense Authorization Act for Fiscal Year 2023,external,days,high,Congressional vote — legislative action external to firm,,,,
eo_14134_20250103_SAM,,SAM,2025-01-03,EO 14134: Providing an Order of Succession Within the Department of Agriculture,external,hours,high,Executive order — presidential action external to firm,,,,
eo_14134_20250103_PM,,PM,2025-01-03,EO 14134: Providing an Order of Succession Within the Department of Agriculture,external,hours,high,Executive order — presidential action external to firm,,,,
eo_14134_20250103_MDLZ,,MDLZ,2025-01-03,EO 14134: Providing an Order of Succession Within the Department of Agriculture,external,hours,high,Executive order — presidential action external to firm,,,,
eo_14134_20250103_KDP,,KDP,2025-01-03,EO 14134: Providing an Order of Succession Within the Department of Agriculture,external,hours,high,Executive order — presidential action external to firm,,,,
eo_14134_20250103_GIS,,GIS,2025-01-03,EO 14134: Providing an Order of Succession Within the Department of Agriculture,external,hours,high,Executive order — presidential action external to firm,,,,
eo_14134_20250103_MO,,MO,2025-01-03,EO 14134: Providing an Order of Succession Within the Department of Agriculture,external,hours,high,Executive order — presidential action external to firm,,,,
eo_14134_20250103_KO,,KO,2025-01-03,EO 14134: Providing an Order of Succession Within the Department of Agriculture,external,hours,high,Executive order — presidential action external to firm,,,,
eo_14134_20250103_TAP,,TAP,2025-01-03,EO 14134: Providing an Order of Succession Within the Department of Agriculture,external,hours,high,Executive order — presidential action external to firm,,,,
eo_14134_20250103_HSY,,HSY,2025-01-03,EO 14134: Providing an Order of Succession Within the Department of Agriculture,external,hours,high,Executive order — presidential action external to firm,,,,
eo_14134_20250103_CPB,,CPB,2025-01-03,EO 14134: Providing an Order of Succession Within the Department of Agriculture,external,hours,high,Executive order — presidential action external to firm,,,,
scotus_2017-013_20180305_MET,,MET,2018-03-05,U.S. BANK NATIONAL ASSOCIATION v. VILLAGE AT LAKERIDGE,external,hours,high,Court decision — judicial ruling external to firm,,,,
scotus_2017-013_20180305_MA,,MA,2018-03-05,U.S. BANK NATIONAL ASSOCIATION v. VILLAGE AT LAKERIDGE,external,hours,high,Court decision — judicial ruling external to firm,,,,
scotus_2017-013_20180305_V,,V,2018-03-05,U.S. BANK NATIONAL ASSOCIATION v. VILLAGE AT LAKERIDGE,external,hours,high,Court decision — judicial ruling external to firm,,,,
scotus_2017-013_20180305_UBS,,UBS,2018-03-05,U.S. BANK NATIONAL ASSOCIATION v. VILLAGE AT LAKERIDGE,external,hours,high,Court decision — judicial ruling external to firm,,,,
scotus_2017-013_20180305_JPM,,JPM,2018-03-05,U.S. BANK NATIONAL ASSOCIATION v. VILLAGE AT LAKERIDGE,external,hours,high,Court decision — judicial ruling external to firm,,,,
scotus_2017-013_20180305_BAC,,BAC,2018-03-05,U.S. BANK NATIONAL ASSOCIATION v. VILLAGE AT LAKERIDGE,external,hours,high,Court decision — judicial ruling external to firm,,,,
scotus_2017-013_20180305_AXP,,AXP,2018-03-05,U.S. BANK NATIONAL ASSOCIATION v. VILLAGE AT LAKERIDGE,external,hours,high,Court decision — judicial ruling external to firm,,,,
scotus_2017-013_20180305_WFC,,WFC,2018-03-05,U.S. BANK NATIONAL ASSOCIATION v. VILLAGE AT LAKERIDGE,external,hours,high,Court decision — judicial ruling external to firm,,,,
scotus_2017-013_20180305_PYPL,,PYPL,2018-03-05,U.S. BANK NATIONAL ASSOCIATION v. VILLAGE AT LAKERIDGE,external,hours,high,Court decision — judicial ruling external to firm,,,,
scotus_2017-013_20180305_C,,C,2018-03-05,U.S. BANK NATIONAL ASSOCIATION v. VILLAGE AT LAKERIDGE,external,hours,high,Court decision — judicial ruling external to firm,,,,
vote_S_2006__20061209_TMO,,TMO,2006-12-09,H.R. 6111 (109th): Tax Relief and Health Care Act of 2006,external,days,high,Congressional vote — legislative action external to firm,,,,
vote_S_2006__20061209_DHR,,DHR,2006-12-09,H.R. 6111 (109th): Tax Relief and Health Care Act of 2006,external,days,high,Congressional vote — legislative action external to firm,,,,
vote_S_2006__20061209_PG,,PG,2006-12-09,H.R. 6111 (109th): Tax Relief and Health Care Act of 2006,external,days,high,Congressional vote — legislative action external to firm,,,,
vote_S_2006__20061209_EPC,,EPC,2006-12-09,H.R. 6111 (109th): Tax Relief and Health Care Act of 2006,external,days,high,Congressional vote — legislative action external to firm,,,,
eo_14028_20210512_AAPL,,AAPL,2021-05-12,EO 14028: Improving the Nation's Cybersecurity,external,hours,high,Executive order — presidential action external to firm,,,,
eo_14028_20210512_META,,META,2021-05-12,EO 14028: Improving the Nation's Cybersecurity,external,hours,high,Executive order — presidential action external to firm,,,,
eo_14028_20210512_SONY,,SONY,2021-05-12,EO 14028: Improving the Nation's Cybersecurity,external,hours,high,Executive order — presidential action external to firm,,,,
eo_14028_20210512_GOOGL,,GOOGL,2021-05-12,EO 14028: Improving the Nation's Cybersecurity,external,hours,high,Executive order — presidential action external to firm,,,,
eo_14028_20210512_MSFT,,MSFT,2021-05-12,EO 14028: Improving the Nation's Cybersecurity,external,hours,high,Executive order — presidential action external to firm,,,,
eo_14028_20210512_SNAP,,SNAP,2021-05-12,EO 14028: Improving the Nation's Cybersecurity,external,hours,high,Executive order — presidential action external to firm,,,,
eo_14028_20210512_TWLO,,TWLO,2021-05-12,EO 14028: Improving the Nation's Cybersecurity,external,hours,high,Executive order — presidential action external to firm,,,,
eo_14028_20210512_HPE,,HPE,2021-05-12,EO 14028: Improving the Nation's Cybersecurity,external,hours,high,Executive order — presidential action external to firm,,,,
eo_14028_20210512_ORCL,,ORCL,2021-05-12,EO 14028: Improving the Nation's Cybersecurity,external,hours,high,Executive order — presidential action external to firm,,,,
eo_14028_20210512_CHTR,,CHTR,2021-05-12,EO 14028: Improving the Nation's Cybersecurity,external,hours,high,Executive order — presidential action external to firm,,,,
eo_14028_20210512_DELL,,DELL,2021-05-12,EO 14028: Improving the Nation's Cybersecurity,external,hours,high,Executive order — presidential action external to firm,,,,
eo_14028_20210512_VZ,,VZ,2021-05-12,EO 14028: Improving the Nation's Cybersecurity,external,hours,high,Executive order — presidential action external to firm,,,,
eo_14028_20210512_T,,T,2021-05-12,EO 14028: Improving the Nation's Cybersecurity,external,hours,high,Executive order — presidential action external to firm,,,,
eo_14028_20210512_HPQ,,HPQ,2021-05-12,EO 14028: Improving the Nation's Cybersecurity,external,hours,high,Executive order — presidential action external to firm,,,,
eo_13832_20180509_IBM,,IBM,2018-05-09,EO 13832: Enhancing Noncompetitive Civil Service Appointments of Military Spouses,external,hours,high,Executive order — presidential action external to firm,,,,
eo_13832_20180509_GM,,GM,2018-05-09,EO 13832: Enhancing Noncompetitive Civil Service Appointments of Military Spouses,external,hours,high,Executive order — presidential action external to firm,,,,
eo_13832_20180509_TSLA,,TSLA,2018-05-09,EO 13832: Enhancing Noncompetitive Civil Service Appointments of Military Spouses,external,hours,high,Executive order — presidential action external to firm,,,,
eo_13832_20180509_CRM,,CRM,2018-05-09,EO 13832: Enhancing Noncompetitive Civil Service Appointments of Military Spouses,external,hours,high,Executive order — presidential action external to firm,,,,
eo_13832_20180509_ADBE,,ADBE,2018-05-09,EO 13832: Enhancing Noncompetitive Civil Service Appointments of Military Spouses,external,hours,high,Executive order — presidential action external to firm,,,,
eo_13832_20180509_BA,,BA,2018-05-09,EO 13832: Enhancing Noncompetitive Civil Service Appointments of Military Spouses,external,hours,high,Executive order — presidential action external to firm,,,,
eo_13832_20180509_LMT,,LMT,2018-05-09,EO 13832: Enhancing Noncompetitive Civil Service Appointments of Military Spouses,external,hours,high,Executive order — presidential action external to firm,,,,
eo_13832_20180509_F,,F,2018-05-09,EO 13832: Enhancing Noncompetitive Civil Service Appointments of Military Spouses,external,hours,high,Executive order — presidential action external to firm,,,,
scotus_2018-023_20190513_MET,,MET,2019-05-13,APPLE INC. v. PEPPER,external,hours,high,Court decision — judicial ruling external to firm,,,,
scotus_2018-023_20190513_MA,,MA,2019-05-13,APPLE INC. v. PEPPER,external,hours,high,Court decision — judicial ruling external to firm,,,,
scotus_2018-023_20190513_V,,V,2019-05-13,APPLE INC. v. PEPPER,external,hours,high,Court decision — judicial ruling external to firm,,,,
scotus_2018-023_20190513_UBS,,UBS,2019-05-13,APPLE INC. v. PEPPER,external,hours,high,Court decision — judicial ruling external to firm,,,,
scotus_2018-023_20190513_JPM,,JPM,2019-05-13,APPLE INC. v. PEPPER,external,hours,high,Court decision — judicial ruling external to firm,,,,
scotus_2018-023_20190513_BAC,,BAC,2019-05-13,APPLE INC. v. PEPPER,external,hours,high,Court decision — judicial ruling external to firm,,,,
scotus_2018-023_20190513_AXP,,AXP,2019-05-13,APPLE INC. v. PEPPER,external,hours,high,Court decision — judicial ruling external to firm,,,,
scotus_2018-023_20190513_WFC,,WFC,2019-05-13,APPLE INC. v. PEPPER,external,hours,high,Court decision — judicial ruling external to firm,,,,
scotus_2018-023_20190513_PYPL,,PYPL,2019-05-13,APPLE INC. v. PEPPER,external,hours,high,Court decision — judicial ruling external to firm,,,,
scotus_2018-023_20190513_C,,C,2019-05-13,APPLE INC. v. PEPPER,external,hours,high,Court decision — judicial ruling external to firm,,,,
vote_H_2020__20200305_AAL,,AAL,2020-03-05,H.R. 1140: Rights for Transportation Security Officers Act of 2020,external,days,high,Congressional vote — legislative action external to firm,,,,
vote_H_2020__20200305_DAL,,DAL,2020-03-05,H.R. 1140: Rights for Transportation Security Officers Act of 2020,external,days,high,Congressional vote — legislative action external to firm,,,,
vote_H_2020__20200305_LYFT,,LYFT,2020-03-05,H.R. 1140: Rights for Transportation Security Officers Act of 2020,external,days,high,Congressional vote — legislative action external to firm,,,,
vote_H_2020__20200305_UAL,,UAL,2020-03-05,H.R. 1140: Rights for Transportation Security Officers Act of 2020,external,days,high,Congressional vote — legislative action external to firm,,,,
vote_H_2025__20251210_IBM,,IBM,2025-12-10,S. 1071: National Defense Authorization Act for Fiscal Year 2026,external,days,high,Congressional vote — legislative action external to firm,,,,
vote_H_2025__20251210_GM,,GM,2025-12-10,S. 1071: National Defense Authorization Act for Fiscal Year 2026,external,days,high,Congressional vote — legislative action external to firm,,,,
vote_H_2025__20251210_TSLA,,TSLA,2025-12-10,S. 1071: National Defense Authorization Act for Fiscal Year 2026,external,days,high,Congressional vote — legislative action external to firm,,,,
vote_H_2025__20251210_CRM,,CRM,2025-12-10,S. 1071: National Defense Authorization Act for Fiscal Year 2026,external,days,high,Congressional vote — legislative action external to firm,,,,
vote_H_2025__20251210_ADBE,,ADBE,2025-12-10,S. 1071: National Defense Authorization Act for Fiscal Year 2026,external,days,high,Congressional vote — legislative action external to firm,,,,
vote_H_2025__20251210_BA,,BA,2025-12-10,S. 1071: National Defense Authorization Act for Fiscal Year 2026,external,days,high,Congressional vote — legislative action external to firm,,,,
vote_H_2025__20251210_LMT,,LMT,2025-12-10,S. 1071: National Defense Authorization Act for Fiscal Year 2026,external,days,high,Congressional vote — legislative action external to firm,,,,
vote_H_2025__20251210_F,,F,2025-12-10,S. 1071: National Defense Authorization Act for Fiscal Year 2026,external,days,high,Congressional vote — legislative action external to firm,,,,
vote_S_2025__20251009_IBM,,IBM,2025-10-09,S. 2296: National Defense Authorization Act for Fiscal Year 2026,external,days,high,Congressional vote — legislative action external to firm,,,,
vote_S_2025__20251009_GM,,GM,2025-10-09,S. 2296: National Defense Authorization Act for Fiscal Year 2026,external,days,high,Congressional vote — legislative action external to firm,,,,
vote_S_2025__20251009_TSLA,,TSLA,2025-10-09,S. 2296: National Defense Authorization Act for Fiscal Year 2026,external,days,high,Congressional vote — legislative action external to firm,,,,
vote_S_2025__20251009_CRM,,CRM,2025-10-09,S. 2296: National Defense Authorization Act for Fiscal Year 2026,external,days,high,Congressional vote — legislative action external to firm,,,,
vote_S_2025__20251009_ADBE,,ADBE,2025-10-09,S. 2296: National Defense Authorization Act for Fiscal Year 2026,external,days,high,Congressional vote — legislative action external to firm,,,,
vote_S_2025__20251009_BA,,BA,2025-10-09,S. 2296: National Defense Authorization Act for Fiscal Year 2026,external,days,high,Congressional vote — legislative action external to firm,,,,
vote_S_2025__20251009_LMT,,LMT,2025-10-09,S. 2296: National Defense Authorization Act for Fiscal Year 2026,external,days,high,Congressional vote — legislative action external to firm,,,,
vote_S_2025__20251009_F,,F,2025-10-09,S. 2296: National Defense Authorization Act for Fiscal Year 2026,external,days,high,Congressional vote — legislative action external to firm,,,,
vote_H_2011__20110311_MET,,MET,2011-03-11,H.R. 836 (112th): Emergency Mortgage Relief Program Termination Act,external,days,high,Congressional vote — legislative action external to firm,,,,
vote_H_2011__20110311_MA,,MA,2011-03-11,H.R. 836 (112th): Emergency Mortgage Relief Program Termination Act,external,days,high,Congressional vote — legislative action external to firm,,,,
vote_H_2011__20110311_V,,V,2011-03-11,H.R. 836 (112th): Emergency Mortgage Relief Program Termination Act,external,days,high,Congressional vote — legislative action external to firm,,,,
vote_H_2011__20110311_JPM,,JPM,2011-03-11,H.R. 836 (112th): Emergency Mortgage Relief Program Termination Act,external,days,high,Congressional vote — legislative action external to firm,,,,
vote_H_2011__20110311_BAC,,BAC,2011-03-11,H.R. 836 (112th): Emergency Mortgage Relief Program Termination Act,external,days,high,Congressional vote — legislative action external to firm,,,,
vote_H_2011__20110311_AXP,,AXP,2011-03-11,H.R. 836 (112th): Emergency Mortgage Relief Program Termination Act,external,days,high,Congressional vote — legislative action external to firm,,,,
vote_H_2011__20110311_WFC,,WFC,2011-03-11,H.R. 836 (112th): Emergency Mortgage Relief Program Termination Act,external,days,high,Congressional vote — legislative action external to firm,,,,
vote_H_2011__20110311_C,,C,2011-03-11,H.R. 836 (112th): Emergency Mortgage Relief Program Termination Act,external,days,high,Congressional vote — legislative action external to firm,,,,
eo_13670_20140614_AAL,,AAL,2014-06-14,EO 13670: Establishing an Emergency Board To Investigate Disputes Between the Southeastern Pennsylvania Transportation Authority and Certain of Its Employees Represented by Certain Labor Organizations,external,hours,high,Executive order — presidential action external to firm,,,,
eo_13670_20140614_DAL,,DAL,2014-06-14,EO 13670: Establishing an Emergency Board To Investigate Disputes Between the Southeastern Pennsylvania Transportation Authority and Certain of Its Employees Represented by Certain Labor Organizations,external,hours,high,Executive order — presidential action external to firm,,,,
eo_13670_20140614_UAL,,UAL,2014-06-14,EO 13670: Establishing an Emergency Board To Investigate Disputes Between the Southeastern Pennsylvania Transportation Authority and Certain of Its Employees Represented by Certain Labor Organizations,external,hours,high,Executive order — presidential action external to firm,,,,
eo_13590_20111120_CVX,,CVX,2011-11-20,"EO 13590: Authorizing the Imposition of Certain Sanctions With Respect to the Provision of Goods, Services, Technology, or Support for Iran's Energy and Petrochemical Sectors",external,hours,high,Executive order — presidential action external to firm,,,,
eo_13590_20111120_XOM,,XOM,2011-11-20,"EO 13590: Authorizing the Imposition of Certain Sanctions With Respect to the Provision of Goods, Services, Technology, or Support for Iran's Energy and Petrochemical Sectors",external,hours,high,Executive order — presidential action external to firm,,,,
vote_S_2006__20060504_IBM,,IBM,2006-05-04,"H.R. 4939 (109th): Emergency Supplemental Appropriations Act for Defense, the Global War on Terror, and Hurricane Recovery, 2006",external,days,high,Congressional vote — legislative action external to firm,,,,
vote_S_2006__20060504_LMT,,LMT,2006-05-04,"H.R. 4939 (109th): Emergency Supplemental Appropriations Act for Defense, the Global War on Terror, and Hurricane Recovery, 2006",external,days,high,Congressional vote — legislative action external to firm,,,,
vote_S_2006__20060504_CRM,,CRM,2006-05-04,"H.R. 4939 (109th): Emergency Supplemental Appropriations Act for Defense, the Global War on Terror, and Hurricane Recovery, 2006",external,days,high,Congressional vote — legislative action external to firm,,,,
vote_S_2006__20060504_ADBE,,ADBE,2006-05-04,"H.R. 4939 (109th): Emergency Supplemental Appropriations Act for Defense, the Global War on Terror, and Hurricane Recovery, 2006",external,days,high,Congressional vote — legislative action external to firm,,,,
vote_S_2006__20060504_BA,,BA,2006-05-04,"H.R. 4939 (109th): Emergency Supplemental Appropriations Act for Defense, the Global War on Terror, and Hurricane Recovery, 2006",external,days,high,Congressional vote — legislative action external to firm,,,,
vote_S_2006__20060504_F,,F,2006-05-04,"H.R. 4939 (109th): Emergency Supplemental Appropriations Act for Defense, the Global War on Terror, and Hurricane Recovery, 2006",external,days,high,Congressional vote — legislative action external to firm,,,,
vote_S_2006__20060928_IBM,,IBM,2006-09-28,S. 3930 (109th): Military Commissions Act of 2006,external,days,high,Congressional vote — legislative action external to firm,,,,
vote_S_2006__20060928_LMT,,LMT,2006-09-28,S. 3930 (109th): Military Commissions Act of 2006,external,days,high,Congressional vote — legislative action external to firm,,,,
vote_S_2006__20060928_CRM,,CRM,2006-09-28,S. 3930 (109th): Military Commissions Act of 2006,external,days,high,Congressional vote — legislative action external to firm,,,,
vote_S_2006__20060928_ADBE,,ADBE,2006-09-28,S. 3930 (109th): Military Commissions Act of 2006,external,days,high,Congressional vote — legislative action external to firm,,,,
vote_S_2006__20060928_BA,,BA,2006-09-28,S. 3930 (109th): Military Commissions Act of 2006,external,days,high,Congressional vote — legislative action external to firm,,,,
vote_S_2006__20060928_F,,F,2006-09-28,S. 3930 (109th): Military Commissions Act of 2006,external,days,high,Congressional vote — legislative action external to firm,,,,
vote_H_2018__20180209_IBM,,IBM,2018-02-09,"H.R. 1892: Further Extension of Continuing Appropriations Act, 2018; Department of Defense Appropriations Act, 2018; SUSTAIN Care Act of 2018; Honoring Hometown Heroes Act",external,days,high,Congressional vote — legislative action external to firm,,,,
vote_H_2018__20180209_GM,,GM,2018-02-09,"H.R. 1892: Further Extension of Continuing Appropriations Act, 2018; Department of Defense Appropriations Act, 2018; SUSTAIN Care Act of 2018; Honoring Hometown Heroes Act",external,days,high,Congressional vote — legislative action external to firm,,,,
vote_H_2018__20180209_TSLA,,TSLA,2018-02-09,"H.R. 1892: Further Extension of Continuing Appropriations Act, 2018; Department of Defense Appropriations Act, 2018; SUSTAIN Care Act of 2018; Honoring Hometown Heroes Act",external,days,high,Congressional vote — legislative action external to firm,,,,
vote_H_2018__20180209_CRM,,CRM,2018-02-09,"H.R. 1892: Further Extension of Continuing Appropriations Act, 2018; Department of Defense Appropriations Act, 2018; SUSTAIN Care Act of 2018; Honoring Hometown Heroes Act",external,days,high,Congressional vote — legislative action external to firm,,,,
vote_H_2018__20180209_ADBE,,ADBE,2018-02-09,"H.R. 1892: Further Extension of Continuing Appropriations Act, 2018; Department of Defense Appropriations Act, 2018; SUSTAIN Care Act of 2018; Honoring Hometown Heroes Act",external,days,high,Congressional vote — legislative action external to firm,,,,
vote_H_2018__20180209_BA,,BA,2018-02-09,"H.R. 1892: Further Extension of Continuing Appropriations Act, 2018; Department of Defense Appropriations Act, 2018; SUSTAIN Care Act of 2018; Honoring Hometown Heroes Act",external,days,high,Congressional vote — legislative action external to firm,,,,
vote_H_2018__20180209_LMT,,LMT,2018-02-09,"H.R. 1892: Further Extension of Continuing Appropriations Act, 2018; Department of Defense Appropriations Act, 2018; SUSTAIN Care Act of 2018; Honoring Hometown Heroes Act",external,days,high,Congressional vote — legislative action external to firm,,,,
vote_H_2018__20180209_F,,F,2018-02-09,"H.R. 1892: Further Extension of Continuing Appropriations Act, 2018; Department of Defense Appropriations Act, 2018; SUSTAIN Care Act of 2018; Honoring Hometown Heroes Act",external,days,high,Congressional vote — legislative action external to firm,,,,
scotus_2017-019_20180320_MET,,MET,2018-03-20,CYAN v. BEAVER COUNTY EMPLOYEES RETIREMENT FUND,external,hours,high,Court decision — judicial ruling external to firm,,,,
scotus_2017-019_20180320_MA,,MA,2018-03-20,CYAN v. BEAVER COUNTY EMPLOYEES RETIREMENT FUND,external,hours,high,Court decision — judicial ruling external to firm,,,,
scotus_2017-019_20180320_V,,V,2018-03-20,CYAN v. BEAVER COUNTY EMPLOYEES RETIREMENT FUND,external,hours,high,Court decision — judicial ruling external to firm,,,,
scotus_2017-019_20180320_UBS,,UBS,2018-03-20,CYAN v. BEAVER COUNTY EMPLOYEES RETIREMENT FUND,external,hours,high,Court decision — judicial ruling external to firm,,,,
scotus_2017-019_20180320_JPM,,JPM,2018-03-20,CYAN v. BEAVER COUNTY EMPLOYEES RETIREMENT FUND,external,hours,high,Court decision — judicial ruling external to firm,,,,
scotus_2017-019_20180320_BAC,,BAC,2018-03-20,CYAN v. BEAVER COUNTY EMPLOYEES RETIREMENT FUND,external,hours,high,Court decision — judicial ruling external to firm,,,,
scotus_2017-019_20180320_AXP,,AXP,2018-03-20,CYAN v. BEAVER COUNTY EMPLOYEES RETIREMENT FUND,external,hours,high,Court decision — judicial ruling external to firm,,,,
scotus_2017-019_20180320_WFC,,WFC,2018-03-20,CYAN v. BEAVER COUNTY EMPLOYEES RETIREMENT FUND,external,hours,high,Court decision — judicial ruling external to firm,,,,
scotus_2017-019_20180320_PYPL,,PYPL,2018-03-20,CYAN v. BEAVER COUNTY EMPLOYEES RETIREMENT FUND,external,hours,high,Court decision — judicial ruling external to firm,,,,
scotus_2017-019_20180320_C,,C,2018-03-20,CYAN v. BEAVER COUNTY EMPLOYEES RETIREMENT FUND,external,hours,high,Court decision — judicial ruling external to firm,,,,
scotus_2005-028_20060221_MET,,MET,2006-02-21,"BUCKEYE CHECK CASHING, INC. v. JOHN CARDEGNA et al.",external,hours,high,Court decision — judicial ruling external to firm,,,,
scotus_2005-028_20060221_WFC,,WFC,2006-02-21,"BUCKEYE CHECK CASHING, INC. v. JOHN CARDEGNA et al.",external,hours,high,Court decision — judicial ruling external to firm,,,,
scotus_2005-028_20060221_JPM,,JPM,2006-02-21,"BUCKEYE CHECK CASHING, INC. v. JOHN CARDEGNA et al.",external,hours,high,Court decision — judicial ruling external to firm,,,,
scotus_2005-028_20060221_AXP,,AXP,2006-02-21,"BUCKEYE CHECK CASHING, INC. v. JOHN CARDEGNA et al.",external,hours,high,Court decision — judicial ruling external to firm,,,,
scotus_2005-028_20060221_BAC,,BAC,2006-02-21,"BUCKEYE CHECK CASHING, INC. v. JOHN CARDEGNA et al.",external,hours,high,Court decision — judicial ruling external to firm,,,,
scotus_2005-028_20060221_C,,C,2006-02-21,"BUCKEYE CHECK CASHING, INC. v. JOHN CARDEGNA et al.",external,hours,high,Court decision — judicial ruling external to firm,,,,
eo_14221_20250225_TMO,,TMO,2025-02-25,"EO 14221: Making America Healthy Again by Empowering Patients With Clear, Accurate, and Actionable Healthcare Pricing Information",external,hours,high,Executive order — presidential action external to firm,,,,
eo_14221_20250225_PG,,PG,2025-02-25,"EO 14221: Making America Healthy Again by Empowering Patients With Clear, Accurate, and Actionable Healthcare Pricing Information",external,hours,high,Executive order — presidential action external to firm,,,,
eo_14221_20250225_DHR,,DHR,2025-02-25,"EO 14221: Making America Healthy Again by Empowering Patients With Clear, Accurate, and Actionable Healthcare Pricing Information",external,hours,high,Executive order — presidential action external to firm,,,,
eo_14221_20250225_ELF,,ELF,2025-02-25,"EO 14221: Making America Healthy Again by Empowering Patients With Clear, Accurate, and Actionable Healthcare Pricing Information",external,hours,high,Executive order — presidential action external to firm,,,,
eo_14221_20250225_EPC,,EPC,2025-02-25,"EO 14221: Making America Healthy Again by Empowering Patients With Clear, Accurate, and Actionable Healthcare Pricing Information",external,hours,high,Executive order — presidential action external to firm,,,,
vote_H_2022__20220729_AAL,,AAL,2022-07-29,"H.Res. 1300: Waiving a requirement of clause 6(a) of rule XIII with respect to consideration of certain resolutions reported from the Committee on Rules, and for other purposes.",external,days,high,Congressional vote — legislative action external to firm,,,,
vote_H_2022__20220729_DAL,,DAL,2022-07-29,"H.Res. 1300: Waiving a requirement of clause 6(a) of rule XIII with respect to consideration of certain resolutions reported from the Committee on Rules, and for other purposes.",external,days,high,Congressional vote — legislative action external to firm,,,,
vote_H_2022__20220729_LYFT,,LYFT,2022-07-29,"H.Res. 1300: Waiving a requirement of clause 6(a) of rule XIII with respect to consideration of certain resolutions reported from the Committee on Rules, and for other purposes.",external,days,high,Congressional vote — legislative action external to firm,,,,
vote_H_2022__20220729_UAL,,UAL,2022-07-29,"H.Res. 1300: Waiving a requirement of clause 6(a) of rule XIII with respect to consideration of certain resolutions reported from the Committee on Rules, and for other purposes.",external,days,high,Congressional vote — legislative action external to firm,,,,
vote_H_2017__20171212_MET,,MET,2017-12-12,H.R. 3971: Community Institution Mortgage Relief Act of 2017,external,days,high,Congressional vote — legislative action external to firm,,,,
vote_H_2017__20171212_MA,,MA,2017-12-12,H.R. 3971: Community Institution Mortgage Relief Act of 2017,external,days,high,Congressional vote — legislative action external to firm,,,,
vote_H_2017__20171212_V,,V,2017-12-12,H.R. 3971: Community Institution Mortgage Relief Act of 2017,external,days,high,Congressional vote — legislative action external to firm,,,,
vote_H_2017__20171212_UBS,,UBS,2017-12-12,H.R. 3971: Community Institution Mortgage Relief Act of 2017,external,days,high,Congressional vote — legislative action external to firm,,,,
vote_H_2017__20171212_JPM,,JPM,2017-12-12,H.R. 3971: Community Institution Mortgage Relief Act of 2017,external,days,high,Congressional vote — legislative action external to firm,,,,
vote_H_2017__20171212_BAC,,BAC,2017-12-12,H.R. 3971: Community Institution Mortgage Relief Act of 2017,external,days,high,Congressional vote — legislative action external to firm,,,,
vote_H_2017__20171212_AXP,,AXP,2017-12-12,H.R. 3971: Community Institution Mortgage Relief Act of 2017,external,days,high,Congressional vote — legislative action external to firm,,,,
vote_H_2017__20171212_WFC,,WFC,2017-12-12,H.R. 3971: Community Institution Mortgage Relief Act of 2017,external,days,high,Congressional vote — legislative action external to firm,,,,
vote_H_2017__20171212_PYPL,,PYPL,2017-12-12,H.R. 3971: Community Institution Mortgage Relief Act of 2017,external,days,high,Congressional vote — legislative action external to firm,,,,
vote_H_2017__20171212_C,,C,2017-12-12,H.R. 3971: Community Institution Mortgage Relief Act of 2017,external,days,high,Congressional vote — legislative action external to firm,,,,
eo_13705_20150903_CVX,,CVX,2015-09-03,"EO 13705: Designating the International Renewable Energy Agency as a Public International Organization Entitled To Enjoy Certain Privileges, Exemptions, and Immunities",external,hours,high,Executive order — presidential action external to firm,,,,
eo_13705_20150903_XOM,,XOM,2015-09-03,"EO 13705: Designating the International Renewable Energy Agency as a Public International Organization Entitled To Enjoy Certain Privileges, Exemptions, and Immunities",external,hours,high,Executive order — presidential action external to firm,,,,
vote_H_2005__20050628_AAL,,AAL,2005-06-28,"H.Res. 342 (109th): Providing for consideration of the bill (H.R. 3058) making appropriations for the Departments of Transportation, Treasury, and ...",external,days,high,Congressional vote — legislative action external to firm,,,,
vote_H_2005__20050628_DAL,,DAL,2005-06-28,"H.Res. 342 (109th): Providing for consideration of the bill (H.R. 3058) making appropriations for the Departments of Transportation, Treasury, and ...",external,days,high,Congressional vote — legislative action external to firm,,,,
vote_H_2008__20080916_CVX,,CVX,2008-09-16,H.R. 6899 (110th): Comprehensive American Energy Security and Consumer Protection Act,external,days,high,Congressional vote — legislative action external to firm,,,,
vote_H_2014__20140429_TMO,,TMO,2014-04-29,H.Res. 555 (113th): Providing for consideration of the bill (H.R. 4414) to clarify the treatment under the Patient Protection and ...,external,days,high,Congressional vote — legislative action external to firm,,,,
vote_H_2014__20140429_PG,,PG,2014-04-29,H.Res. 555 (113th): Providing for consideration of the bill (H.R. 4414) to clarify the treatment under the Patient Protection and ...,external,days,high,Congressional vote — legislative action external to firm,,,,
vote_H_2014__20140429_DHR,,DHR,2014-04-29,H.Res. 555 (113th): Providing for consideration of the bill (H.R. 4414) to clarify the treatment under the Patient Protection and ...,external,days,high,Congressional vote — legislative action external to firm,,,,
vote_H_2014__20140429_EPC,,EPC,2014-04-29,H.Res. 555 (113th): Providing for consideration of the bill (H.R. 4414) to clarify the treatment under the Patient Protection and ...,external,days,high,Congressional vote — legislative action external to firm,,,,
vote_H_2012__20120203_AAL,,AAL,2012-02-03,H.R. 658 (112th): FAA Modernization and Reform Act of 2012,external,days,high,Congressional vote — legislative action external to firm,,,,
vote_H_2012__20120203_DAL,,DAL,2012-02-03,H.R. 658 (112th): FAA Modernization and Reform Act of 2012,external,days,high,Congressional vote — legislative action external to firm,,,,
vote_H_2012__20120203_UAL,,UAL,2012-02-03,H.R. 658 (112th): FAA Modernization and Reform Act of 2012,external,days,high,Congressional vote — legislative action external to firm,,,,
vote_H_2004__20040520_IBM,,IBM,2004-05-20,H.R. 4200 (108th): Ronald W. Reagan National Defense Authorization Act for Fiscal Year 2005,external,days,high,Congressional vote — legislative action external to firm,,,,
vote_H_2004__20040520_LMT,,LMT,2004-05-20,H.R. 4200 (108th): Ronald W. Reagan National Defense Authorization Act for Fiscal Year 2005,external,days,high,Congressional vote — legislative action external to firm,,,,
vote_H_2004__20040520_ADBE,,ADBE,2004-05-20,H.R. 4200 (108th): Ronald W. Reagan National Defense Authorization Act for Fiscal Year 2005,external,days,high,Congressional vote — legislative action external to firm,,,,
vote_H_2004__20040520_BA,,BA,2004-05-20,H.R. 4200 (108th): Ronald W. Reagan National Defense Authorization Act for Fiscal Year 2005,external,days,high,Congressional vote — legislative action external to firm,,,,
vote_H_2004__20040520_F,,F,2004-05-20,H.R. 4200 (108th): Ronald W. Reagan National Defense Authorization Act for Fiscal Year 2005,external,days,high,Congressional vote — legislative action external to firm,,,,
vote_H_2006__20060629_AAL,,AAL,2006-06-29,H.Res. 896 (109th): Providing for consideration of the resolution (H. Res. 895) supporting intelligence and law enforcement programs to track ...,external,days,high,Congressional vote — legislative action external to firm,,,,
vote_H_2006__20060629_DAL,,DAL,2006-06-29,H.Res. 896 (109th): Providing for consideration of the resolution (H. Res. 895) supporting intelligence and law enforcement programs to track ...,external,days,high,Congressional vote — legislative action external to firm,,,,
vote_H_2006__20060629_UAL,,UAL,2006-06-29,H.Res. 896 (109th): Providing for consideration of the resolution (H. Res. 895) supporting intelligence and law enforcement programs to track ...,external,days,high,Congressional vote — legislative action external to firm,,,,
vote_H_2005__20050525_IBM,,IBM,2005-05-25,H.R. 1815 (109th): National Defense Authorization Act for Fiscal Year 2006,external,days,high,Congressional vote — legislative action external to firm,,,,
vote_H_2005__20050525_LMT,,LMT,2005-05-25,H.R. 1815 (109th): National Defense Authorization Act for Fiscal Year 2006,external,days,high,Congressional vote — legislative action external to firm,,,,
vote_H_2005__20050525_CRM,,CRM,2005-05-25,H.R. 1815 (109th): National Defense Authorization Act for Fiscal Year 2006,external,days,high,Congressional vote — legislative action external to firm,,,,
vote_H_2005__20050525_ADBE,,ADBE,2005-05-25,H.R. 1815 (109th): National Defense Authorization Act for Fiscal Year 2006,external,days,high,Congressional vote — legislative action external to firm,,,,
vote_H_2005__20050525_BA,,BA,2005-05-25,H.R. 1815 (109th): National Defense Authorization Act for Fiscal Year 2006,external,days,high,Congressional vote — legislative action external to firm,,,,
vote_H_2005__20050525_F,,F,2005-05-25,H.R. 1815 (109th): National Defense Authorization Act for Fiscal Year 2006,external,days,high,Congressional vote — legislative action external to firm,,,,
vote_H_2023__20230720_AAL,,AAL,2023-07-20,H.R. 3935 (118th): FAA Reauthorization Act of 2024,external,days,high,Congressional vote — legislative action external to firm,,,,
vote_H_2023__20230720_DAL,,DAL,2023-07-20,H.R. 3935 (118th): FAA Reauthorization Act of 2024,external,days,high,Congressional vote — legislative action external to firm,,,,
vote_H_2023__20230720_LYFT,,LYFT,2023-07-20,H.R. 3935 (118th): FAA Reauthorization Act of 2024,external,days,high,Congressional vote — legislative action external to firm,,,,
vote_H_2023__20230720_UAL,,UAL,2023-07-20,H.R. 3935 (118th): FAA Reauthorization Act of 2024,external,days,high,Congressional vote — legislative action external to firm,,,,
vote_S_2021__20210121_IBM,,IBM,2021-01-21,H.R. 335 (117th): To provide for an exception to a limitation against appointment of persons as Secretary of Defense within seven years of relief from active duty as a regular commissioned officer of the Armed Forces.,external,days,high,Congressional vote — legislative action external to firm,,,,
vote_S_2021__20210121_GM,,GM,2021-01-21,H.R. 335 (117th): To provide for an exception to a limitation against appointment of persons as Secretary of Defense within seven years of relief from active duty as a regular commissioned officer of the Armed Forces.,external,days,high,Congressional vote — legislative action external to firm,,,,
vote_S_2021__20210121_TSLA,,TSLA,2021-01-21,H.R. 335 (117th): To provide for an exception to a limitation against appointment of persons as Secretary of Defense within seven years of relief from active duty as a regular commissioned officer of the Armed Forces.,external,days,high,Congressional vote — legislative action external to firm,,,,
vote_S_2021__20210121_CRM,,CRM,2021-01-21,H.R. 335 (117th): To provide for an exception to a limitation against appointment of persons as Secretary of Defense within seven years of relief from active duty as a regular commissioned officer of the Armed Forces.,external,days,high,Congressional vote — legislative action external to firm,,,,
vote_S_2021__20210121_ADBE,,ADBE,2021-01-21,H.R. 335 (117th): To provide for an exception to a limitation against appointment of persons as Secretary of Defense within seven years of relief from active duty as a regular commissioned officer of the Armed Forces.,external,days,high,Congressional vote — legislative action external to firm,,,,
vote_S_2021__20210121_BA,,BA,2021-01-21,H.R. 335 (117th): To provide for an exception to a limitation against appointment of persons as Secretary of Defense within seven years of relief from active duty as a regular commissioned officer of the Armed Forces.,external,days,high,Congressional vote — legislative action external to firm,,,,
vote_S_2021__20210121_LMT,,LMT,2021-01-21,H.R. 335 (117th): To provide for an exception to a limitation against appointment of persons as Secretary of Defense within seven years of relief from active duty as a regular commissioned officer of the Armed Forces.,external,days,high,Congressional vote — legislative action external to firm,,,,
vote_S_2021__20210121_F,,F,2021-01-21,H.R. 335 (117th): To provide for an exception to a limitation against appointment of persons as Secretary of Defense within seven years of relief from active duty as a regular commissioned officer of the Armed Forces.,external,days,high,Congressional vote — legislative action external to firm,,,,
vote_H_2008__20080923_MET,,MET,2008-09-23,H.Res. 1476 (110th): Providing for consideration of the bill (H.R. 5244) to amend the Truth in Lending Act to establish ...,external,days,high,Congressional vote — legislative action external to firm,,,,
vote_H_2008__20080923_MA,,MA,2008-09-23,H.Res. 1476 (110th): Providing for consideration of the bill (H.R. 5244) to amend the Truth in Lending Act to establish ...,external,days,high,Congressional vote — legislative action external to firm,,,,
vote_H_2008__20080923_V,,V,2008-09-23,H.Res. 1476 (110th): Providing for consideration of the bill (H.R. 5244) to amend the Truth in Lending Act to establish ...,external,days,high,Congressional vote — legislative action external to firm,,,,
vote_H_2008__20080923_JPM,,JPM,2008-09-23,H.Res. 1476 (110th): Providing for consideration of the bill (H.R. 5244) to amend the Truth in Lending Act to establish ...,external,days,high,Congressional vote — legislative action external to firm,,,,
vote_H_2008__20080923_BAC,,BAC,2008-09-23,H.Res. 1476 (110th): Providing for consideration of the bill (H.R. 5244) to amend the Truth in Lending Act to establish ...,external,days,high,Congressional vote — legislative action external to firm,,,,
vote_H_2008__20080923_AXP,,AXP,2008-09-23,H.Res. 1476 (110th): Providing for consideration of the bill (H.R. 5244) to amend the Truth in Lending Act to establish ...,external,days,high,Congressional vote — legislative action external to firm,,,,
vote_H_2008__20080923_WFC,,WFC,2008-09-23,H.Res. 1476 (110th): Providing for consideration of the bill (H.R. 5244) to amend the Truth in Lending Act to establish ...,external,days,high,Congressional vote — legislative action external to firm,,,,
vote_H_2008__20080923_C,,C,2008-09-23,H.Res. 1476 (110th): Providing for consideration of the bill (H.R. 5244) to amend the Truth in Lending Act to establish ...,external,days,high,Congressional vote — legislative action external to firm,,,,
vote_H_2006__20060929_IBM,,IBM,2006-09-29,H.Res. 1053 (109th): Waiving a requirement of clause 6(a) of rule XIII with respect to consideration of certain resolutions reported ...,external,days,high,Congressional vote — legislative action external to firm,,,,
vote_H_2006__20060929_LMT,,LMT,2006-09-29,H.Res. 1053 (109th): Waiving a requirement of clause 6(a) of rule XIII with respect to consideration of certain resolutions reported ...,external,days,high,Congressional vote — legislative action external to firm,,,,
vote_H_2006__20060929_CRM,,CRM,2006-09-29,H.Res. 1053 (109th): Waiving a requirement of clause 6(a) of rule XIII with respect to consideration of certain resolutions reported ...,external,days,high,Congressional vote — legislative action external to firm,,,,
vote_H_2006__20060929_ADBE,,ADBE,2006-09-29,H.Res. 1053 (109th): Waiving a requirement of clause 6(a) of rule XIII with respect to consideration of certain resolutions reported ...,external,days,high,Congressional vote — legislative action external to firm,,,,
vote_H_2006__20060929_BA,,BA,2006-09-29,H.Res. 1053 (109th): Waiving a requirement of clause 6(a) of rule XIII with respect to consideration of certain resolutions reported ...,external,days,high,Congressional vote — legislative action external to firm,,,,
vote_H_2006__20060929_F,,F,2006-09-29,H.Res. 1053 (109th): Waiving a requirement of clause 6(a) of rule XIII with respect to consideration of certain resolutions reported ...,external,days,high,Congressional vote — legislative action external to firm,,,,
vote_H_2017__20170607_MET,,MET,2017-06-07,"H.Res. 375: Providing for consideration of the bill (H.R. 10) to create hope and opportunity for investors, consumers, and entrepreneurs by ending bailouts and Too Big to Fail, holding Washington and Wall Street accountable, eliminating red tape to incre",external,days,high,Congressional vote — legislative action external to firm,,,,
vote_H_2017__20170607_MA,,MA,2017-06-07,"H.Res. 375: Providing for consideration of the bill (H.R. 10) to create hope and opportunity for investors, consumers, and entrepreneurs by ending bailouts and Too Big to Fail, holding Washington and Wall Street accountable, eliminating red tape to incre",external,days,high,Congressional vote — legislative action external to firm,,,,
vote_H_2017__20170607_V,,V,2017-06-07,"H.Res. 375: Providing for consideration of the bill (H.R. 10) to create hope and opportunity for investors, consumers, and entrepreneurs by ending bailouts and Too Big to Fail, holding Washington and Wall Street accountable, eliminating red tape to incre",external,days,high,Congressional vote — legislative action external to firm,,,,
vote_H_2017__20170607_UBS,,UBS,2017-06-07,"H.Res. 375: Providing for consideration of the bill (H.R. 10) to create hope and opportunity for investors, consumers, and entrepreneurs by ending bailouts and Too Big to Fail, holding Washington and Wall Street accountable, eliminating red tape to incre",external,days,high,Congressional vote — legislative action external to firm,,,,
vote_H_2017__20170607_JPM,,JPM,2017-06-07,"H.Res. 375: Providing for consideration of the bill (H.R. 10) to create hope and opportunity for investors, consumers, and entrepreneurs by ending bailouts and Too Big to Fail, holding Washington and Wall Street accountable, eliminating red tape to incre",external,days,high,Congressional vote — legislative action external to firm,,,,
vote_H_2017__20170607_BAC,,BAC,2017-06-07,"H.Res. 375: Providing for consideration of the bill (H.R. 10) to create hope and opportunity for investors, consumers, and entrepreneurs by ending bailouts and Too Big to Fail, holding Washington and Wall Street accountable, eliminating red tape to incre",external,days,high,Congressional vote — legislative action external to firm,,,,
vote_H_2017__20170607_AXP,,AXP,2017-06-07,"H.Res. 375: Providing for consideration of the bill (H.R. 10) to create hope and opportunity for investors, consumers, and entrepreneurs by ending bailouts and Too Big to Fail, holding Washington and Wall Street accountable, eliminating red tape to incre",external,days,high,Congressional vote — legislative action external to firm,,,,
vote_H_2017__20170607_WFC,,WFC,2017-06-07,"H.Res. 375: Providing for consideration of the bill (H.R. 10) to create hope and opportunity for investors, consumers, and entrepreneurs by ending bailouts and Too Big to Fail, holding Washington and Wall Street accountable, eliminating red tape to incre",external,days,high,Congressional vote — legislative action external to firm,,,,
vote_H_2017__20170607_PYPL,,PYPL,2017-06-07,"H.Res. 375: Providing for consideration of the bill (H.R. 10) to create hope and opportunity for investors, consumers, and entrepreneurs by ending bailouts and Too Big to Fail, holding Washington and Wall Street accountable, eliminating red tape to incre",external,days,high,Congressional vote — legislative action external to firm,,,,
vote_H_2017__20170607_C,,C,2017-06-07,"H.Res. 375: Providing for consideration of the bill (H.R. 10) to create hope and opportunity for investors, consumers, and entrepreneurs by ending bailouts and Too Big to Fail, holding Washington and Wall Street accountable, eliminating red tape to incre",external,days,high,Congressional vote — legislative action external to firm,,,,
vote_H_2018__20180427_AAL,,AAL,2018-04-27,H.R. 4: FAA Reauthorization Act of 2018,external,days,high,Congressional vote — legislative action external to firm,,,,
vote_H_2018__20180427_DAL,,DAL,2018-04-27,H.R. 4: FAA Reauthorization Act of 2018,external,days,high,Congressional vote — legislative action external to firm,,,,
vote_H_2018__20180427_UAL,,UAL,2018-04-27,H.R. 4: FAA Reauthorization Act of 2018,external,days,high,Congressional vote — legislative action external to firm,,,,
eo_14226_20250302_TMO,,TMO,2025-03-02,EO 14226: Amendment to Duties To Address the Flow of Illicit Drugs Across Our Northern Border,external,hours,high,Executive order — presidential action external to firm,,,,
eo_14226_20250302_PG,,PG,2025-03-02,EO 14226: Amendment to Duties To Address the Flow of Illicit Drugs Across Our Northern Border,external,hours,high,Executive order — presidential action external to firm,,,,
eo_14226_20250302_DHR,,DHR,2025-03-02,EO 14226: Amendment to Duties To Address the Flow of Illicit Drugs Across Our Northern Border,external,hours,high,Executive order — presidential action external to firm,,,,
eo_14226_20250302_ELF,,ELF,2025-03-02,EO 14226: Amendment to Duties To Address the Flow of Illicit Drugs Across Our Northern Border,external,hours,high,Executive order — presidential action external to firm,,,,
eo_14226_20250302_EPC,,EPC,2025-03-02,EO 14226: Amendment to Duties To Address the Flow of Illicit Drugs Across Our Northern Border,external,hours,high,Executive order — presidential action external to firm,,,,
scotus_2021-047_20220621_MET,,MET,2022-06-21,MARIETTA MEMORIAL HOSPITAL EMPLOYEE HEALTH BENEFIT PLAN v. DAVITA,external,hours,high,Court decision — judicial ruling external to firm,,,,
scotus_2021-047_20220621_MA,,MA,2022-06-21,MARIETTA MEMORIAL HOSPITAL EMPLOYEE HEALTH BENEFIT PLAN v. DAVITA,external,hours,high,Court decision — judicial ruling external to firm,,,,
scotus_2021-047_20220621_V,,V,2022-06-21,MARIETTA MEMORIAL HOSPITAL EMPLOYEE HEALTH BENEFIT PLAN v. DAVITA,external,hours,high,Court decision — judicial ruling external to firm,,,,
scotus_2021-047_20220621_JPM,,JPM,2022-06-21,MARIETTA MEMORIAL HOSPITAL EMPLOYEE HEALTH BENEFIT PLAN v. DAVITA,external,hours,high,Court decision — judicial ruling external to firm,,,,
scotus_2021-047_20220621_BAC,,BAC,2022-06-21,MARIETTA MEMORIAL HOSPITAL EMPLOYEE HEALTH BENEFIT PLAN v. DAVITA,external,hours,high,Court decision — judicial ruling external to firm,,,,
scotus_2021-047_20220621_AXP,,AXP,2022-06-21,MARIETTA MEMORIAL HOSPITAL EMPLOYEE HEALTH BENEFIT PLAN v. DAVITA,external,hours,high,Court decision — judicial ruling external to firm,,,,
scotus_2021-047_20220621_WFC,,WFC,2022-06-21,MARIETTA MEMORIAL HOSPITAL EMPLOYEE HEALTH BENEFIT PLAN v. DAVITA,external,hours,high,Court decision — judicial ruling external to firm,,,,
scotus_2021-047_20220621_PYPL,,PYPL,2022-06-21,MARIETTA MEMORIAL HOSPITAL EMPLOYEE HEALTH BENEFIT PLAN v. DAVITA,external,hours,high,Court decision — judicial ruling external to firm,,,,
scotus_2021-047_20220621_C,,C,2022-06-21,MARIETTA MEMORIAL HOSPITAL EMPLOYEE HEALTH BENEFIT PLAN v. DAVITA,external,hours,high,Court decision — judicial ruling external to firm,,,,
vote_S_2008__20080122_IBM,,IBM,2008-01-22,H.R. 4986 (110th): National Defense Authorization Act for Fiscal Year 2008,external,days,high,Congressional vote — legislative action external to firm,,,,
vote_S_2008__20080122_LMT,,LMT,2008-01-22,H.R. 4986 (110th): National Defense Authorization Act for Fiscal Year 2008,external,days,high,Congressional vote — legislative action external to firm,,,,
vote_S_2008__20080122_CRM,,CRM,2008-01-22,H.R. 4986 (110th): National Defense Authorization Act for Fiscal Year 2008,external,days,high,Congressional vote — legislative action external to firm,,,,
vote_S_2008__20080122_ADBE,,ADBE,2008-01-22,H.R. 4986 (110th): National Defense Authorization Act for Fiscal Year 2008,external,days,high,Congressional vote — legislative action external to firm,,,,
vote_S_2008__20080122_BA,,BA,2008-01-22,H.R. 4986 (110th): National Defense Authorization Act for Fiscal Year 2008,external,days,high,Congressional vote — legislative action external to firm,,,,
vote_S_2008__20080122_F,,F,2008-01-22,H.R. 4986 (110th): National Defense Authorization Act for Fiscal Year 2008,external,days,high,Congressional vote — legislative action external to firm,,,,
vote_H_2007__20070510_IBM,,IBM,2007-05-10,H.R. 2237 (110th): To provide for the redeployment of United States Armed Forces and defense contractors from Iraq.,external,days,high,Congressional vote — legislative action external to firm,,,,
vote_H_2007__20070510_LMT,,LMT,2007-05-10,H.R. 2237 (110th): To provide for the redeployment of United States Armed Forces and defense contractors from Iraq.,external,days,high,Congressional vote — legislative action external to firm,,,,
vote_H_2007__20070510_CRM,,CRM,2007-05-10,H.R. 2237 (110th): To provide for the redeployment of United States Armed Forces and defense contractors from Iraq.,external,days,high,Congressional vote — legislative action external to firm,,,,
vote_H_2007__20070510_ADBE,,ADBE,2007-05-10,H.R. 2237 (110th): To provide for the redeployment of United States Armed Forces and defense contractors from Iraq.,external,days,high,Congressional vote — legislative action external to firm,,,,
vote_H_2007__20070510_BA,,BA,2007-05-10,H.R. 2237 (110th): To provide for the redeployment of United States Armed Forces and defense contractors from Iraq.,external,days,high,Congressional vote — legislative action external to firm,,,,
vote_H_2007__20070510_F,,F,2007-05-10,H.R. 2237 (110th): To provide for the redeployment of United States Armed Forces and defense contractors from Iraq.,external,days,high,Congressional vote — legislative action external to firm,,,,
vote_H_2015__20151008_CVX,,CVX,2015-10-08,H.R. 538: Native American Energy Act,external,days,high,Congressional vote — legislative action external to firm,,,,
vote_H_2015__20151008_XOM,,XOM,2015-10-08,H.R. 538: Native American Energy Act,external,days,high,Congressional vote — legislative action external to firm,,,,
eo_13397_20060307_IBM,,IBM,2006-03-07,EO 13397: Responsibilities of the Department of Homeland Security With Respect to Faith-Based and Community Initiatives,external,hours,high,Executive order — presidential action external to firm,,,,
eo_13397_20060307_LMT,,LMT,2006-03-07,EO 13397: Responsibilities of the Department of Homeland Security With Respect to Faith-Based and Community Initiatives,external,hours,high,Executive order — presidential action external to firm,,,,
eo_13397_20060307_CRM,,CRM,2006-03-07,EO 13397: Responsibilities of the Department of Homeland Security With Respect to Faith-Based and Community Initiatives,external,hours,high,Executive order — presidential action external to firm,,,,
eo_13397_20060307_ADBE,,ADBE,2006-03-07,EO 13397: Responsibilities of the Department of Homeland Security With Respect to Faith-Based and Community Initiatives,external,hours,high,Executive order — presidential action external to firm,,,,
eo_13397_20060307_BA,,BA,2006-03-07,EO 13397: Responsibilities of the Department of Homeland Security With Respect to Faith-Based and Community Initiatives,external,hours,high,Executive order — presidential action external to firm,,,,
eo_13397_20060307_F,,F,2006-03-07,EO 13397: Responsibilities of the Department of Homeland Security With Respect to Faith-Based and Community Initiatives,external,hours,high,Executive order — presidential action external to firm,,,,
vote_H_2008__20080724_AAL,,AAL,2008-07-24,H.R. 3999 (110th): National Highway Bridge Reconstruction and Inspection Act of 2008,external,days,high,Congressional vote — legislative action external to firm,,,,
vote_H_2008__20080724_DAL,,DAL,2008-07-24,H.R. 3999 (110th): National Highway Bridge Reconstruction and Inspection Act of 2008,external,days,high,Congressional vote — legislative action external to firm,,,,
vote_H_2008__20080724_UAL,,UAL,2008-07-24,H.R. 3999 (110th): National Highway Bridge Reconstruction and Inspection Act of 2008,external,days,high,Congressional vote — legislative action external to firm,,,,
scotus_2011-027_20120222_MET,,MET,2012-02-22,"PPL MONTANA, LLC, PETITIONER v. MONTANA",external,hours,high,Court decision — judicial ruling external to firm,,,,
scotus_2011-027_20120222_MA,,MA,2012-02-22,"PPL MONTANA, LLC, PETITIONER v. MONTANA",external,hours,high,Court decision — judicial ruling external to firm,,,,
scotus_2011-027_20120222_V,,V,2012-02-22,"PPL MONTANA, LLC, PETITIONER v. MONTANA",external,hours,high,Court decision — judicial ruling external to firm,,,,
scotus_2011-027_20120222_JPM,,JPM,2012-02-22,"PPL MONTANA, LLC, PETITIONER v. MONTANA",external,hours,high,Court decision — judicial ruling external to firm,,,,
scotus_2011-027_20120222_BAC,,BAC,2012-02-22,"PPL MONTANA, LLC, PETITIONER v. MONTANA",external,hours,high,Court decision — judicial ruling external to firm,,,,
scotus_2011-027_20120222_AXP,,AXP,2012-02-22,"PPL MONTANA, LLC, PETITIONER v. MONTANA",external,hours,high,Court decision — judicial ruling external to firm,,,,
scotus_2011-027_20120222_WFC,,WFC,2012-02-22,"PPL MONTANA, LLC, PETITIONER v. MONTANA",external,hours,high,Court decision — judicial ruling external to firm,,,,
scotus_2011-027_20120222_C,,C,2012-02-22,"PPL MONTANA, LLC, PETITIONER v. MONTANA",external,hours,high,Court decision — judicial ruling external to firm,,,,
vote_H_2008__20080521_AAL,,AAL,2008-05-21,H.Res. 1214 (110th): Providing for consideration of the conference report to accompany the concurrent resolution (S. Con. Res. 70) setting ...,external,days,high,Congressional vote — legislative action external to firm,,,,
vote_H_2008__20080521_DAL,,DAL,2008-05-21,H.Res. 1214 (110th): Providing for consideration of the conference report to accompany the concurrent resolution (S. Con. Res. 70) setting ...,external,days,high,Congressional vote — legislative action external to firm,,,,
vote_H_2008__20080521_UAL,,UAL,2008-05-21,H.Res. 1214 (110th): Providing for consideration of the conference report to accompany the concurrent resolution (S. Con. Res. 70) setting ...,external,days,high,Congressional vote — legislative action external to firm,,,,
vote_H_2011__20110715_CVX,,CVX,2011-07-15,"H.R. 2354 (112th): Energy and Water Development and Related Agencies Appropriations Act, 2012",external,days,high,Congressional vote — legislative action external to firm,,,,
vote_H_2011__20110715_XOM,,XOM,2011-07-15,"H.R. 2354 (112th): Energy and Water Development and Related Agencies Appropriations Act, 2012",external,days,high,Congressional vote — legislative action external to firm,,,,
scotus_2009-027_20100302_MET,,MET,2010-03-02,"MAC'S SHELL SERVICE, INC., et al. v. SHELL OIL PRODUCTS CO. LLC et al.",external,hours,high,Court decision — judicial ruling external to firm,,,,
scotus_2009-027_20100302_MA,,MA,2010-03-02,"MAC'S SHELL SERVICE, INC., et al. v. SHELL OIL PRODUCTS CO. LLC et al.",external,hours,high,Court decision — judicial ruling external to firm,,,,
scotus_2009-027_20100302_V,,V,2010-03-02,"MAC'S SHELL SERVICE, INC., et al. v. SHELL OIL PRODUCTS CO. LLC et al.",external,hours,high,Court decision — judicial ruling external to firm,,,,
scotus_2009-027_20100302_JPM,,JPM,2010-03-02,"MAC'S SHELL SERVICE, INC., et al. v. SHELL OIL PRODUCTS CO. LLC et al.",external,hours,high,Court decision — judicial ruling external to firm,,,,
scotus_2009-027_20100302_BAC,,BAC,2010-03-02,"MAC'S SHELL SERVICE, INC., et al. v. SHELL OIL PRODUCTS CO. LLC et al.",external,hours,high,Court decision — judicial ruling external to firm,,,,
scotus_2009-027_20100302_AXP,,AXP,2010-03-02,"MAC'S SHELL SERVICE, INC., et al. v. SHELL OIL PRODUCTS CO. LLC et al.",external,hours,high,Court decision — judicial ruling external to firm,,,,
scotus_2009-027_20100302_WFC,,WFC,2010-03-02,"MAC'S SHELL SERVICE, INC., et al. v. SHELL OIL PRODUCTS CO. LLC et al.",external,hours,high,Court decision — judicial ruling external to firm,,,,
scotus_2009-027_20100302_C,,C,2010-03-02,"MAC'S SHELL SERVICE, INC., et al. v. SHELL OIL PRODUCTS CO. LLC et al.",external,hours,high,Court decision — judicial ruling external to firm,,,,
vote_H_2015__20150423_AAPL,,AAPL,2015-04-23,H.R. 1731: National Cybersecurity Protection Advancement Act of 2015,external,days,high,Congressional vote — legislative action external to firm,,,,
vote_H_2015__20150423_META,,META,2015-04-23,H.R. 1731: National Cybersecurity Protection Advancement Act of 2015,external,days,high,Congressional vote — legislative action external to firm,,,,
vote_H_2015__20150423_MSFT,,MSFT,2015-04-23,H.R. 1731: National Cybersecurity Protection Advancement Act of 2015,external,days,high,Congressional vote — legislative action external to firm,,,,
vote_H_2015__20150423_ORCL,,ORCL,2015-04-23,H.R. 1731: National Cybersecurity Protection Advancement Act of 2015,external,days,high,Congressional vote — legislative action external to firm,,,,
vote_H_2015__20150423_CHTR,,CHTR,2015-04-23,H.R. 1731: National Cybersecurity Protection Advancement Act of 2015,external,days,high,Congressional vote — legislative action external to firm,,,,
vote_H_2015__20150423_VZ,,VZ,2015-04-23,H.R. 1731: National Cybersecurity Protection Advancement Act of 2015,external,days,high,Congressional vote — legislative action external to firm,,,,
vote_H_2015__20150423_T,,T,2015-04-23,H.R. 1731: National Cybersecurity Protection Advancement Act of 2015,external,days,high,Congressional vote — legislative action external to firm,,,,
vote_H_2015__20150423_HPQ,,HPQ,2015-04-23,H.R. 1731: National Cybersecurity Protection Advancement Act of 2015,external,days,high,Congressional vote — legislative action external to firm,,,,
scotus_2009-039_20100503_MET,,MET,2010-05-03,"ESTHER HUI, et al. v. YANIRA CASTANEDA, AS PERSONAL REPRESENTATIVE OF THE ESTATE OF FRANCISCO CASTANEDA, et al.",external,hours,high,Court decision — judicial ruling external to firm,,,,
scotus_2009-039_20100503_MA,,MA,2010-05-03,"ESTHER HUI, et al. v. YANIRA CASTANEDA, AS PERSONAL REPRESENTATIVE OF THE ESTATE OF FRANCISCO CASTANEDA, et al.",external,hours,high,Court decision — judicial ruling external to firm,,,,
scotus_2009-039_20100503_V,,V,2010-05-03,"ESTHER HUI, et al. v. YANIRA CASTANEDA, AS PERSONAL REPRESENTATIVE OF THE ESTATE OF FRANCISCO CASTANEDA, et al.",external,hours,high,Court decision — judicial ruling external to firm,,,,
scotus_2009-039_20100503_JPM,,JPM,2010-05-03,"ESTHER HUI, et al. v. YANIRA CASTANEDA, AS PERSONAL REPRESENTATIVE OF THE ESTATE OF FRANCISCO CASTANEDA, et al.",external,hours,high,Court decision — judicial ruling external to firm,,,,
scotus_2009-039_20100503_BAC,,BAC,2010-05-03,"ESTHER HUI, et al. v. YANIRA CASTANEDA, AS PERSONAL REPRESENTATIVE OF THE ESTATE OF FRANCISCO CASTANEDA, et al.",external,hours,high,Court decision — judicial ruling external to firm,,,,
scotus_2009-039_20100503_AXP,,AXP,2010-05-03,"ESTHER HUI, et al. v. YANIRA CASTANEDA, AS PERSONAL REPRESENTATIVE OF THE ESTATE OF FRANCISCO CASTANEDA, et al.",external,hours,high,Court decision — judicial ruling external to firm,,,,
scotus_2009-039_20100503_WFC,,WFC,2010-05-03,"ESTHER HUI, et al. v. YANIRA CASTANEDA, AS PERSONAL REPRESENTATIVE OF THE ESTATE OF FRANCISCO CASTANEDA, et al.",external,hours,high,Court decision — judicial ruling external to firm,,,,
scotus_2009-039_20100503_C,,C,2010-05-03,"ESTHER HUI, et al. v. YANIRA CASTANEDA, AS PERSONAL REPRESENTATIVE OF THE ESTATE OF FRANCISCO CASTANEDA, et al.",external,hours,high,Court decision — judicial ruling external to firm,,,,
vote_S_2005__20051221_WFC,,WFC,2005-12-21,"H.R. 2863 (109th): Department of Defense, Emergency Supplemental Appropriations to Address Hurricanes in the Gulf of Mexico, and Pandemic Influenza ...",external,days,high,Congressional vote — legislative action external to firm,,,,
vote_S_2005__20051221_JPM,,JPM,2005-12-21,"H.R. 2863 (109th): Department of Defense, Emergency Supplemental Appropriations to Address Hurricanes in the Gulf of Mexico, and Pandemic Influenza ...",external,days,high,Congressional vote — legislative action external to firm,,,,
vote_S_2005__20051221_AXP,,AXP,2005-12-21,"H.R. 2863 (109th): Department of Defense, Emergency Supplemental Appropriations to Address Hurricanes in the Gulf of Mexico, and Pandemic Influenza ...",external,days,high,Congressional vote — legislative action external to firm,,,,
vote_S_2005__20051221_BAC,,BAC,2005-12-21,"H.R. 2863 (109th): Department of Defense, Emergency Supplemental Appropriations to Address Hurricanes in the Gulf of Mexico, and Pandemic Influenza ...",external,days,high,Congressional vote — legislative action external to firm,,,,
vote_S_2005__20051221_C,,C,2005-12-21,"H.R. 2863 (109th): Department of Defense, Emergency Supplemental Appropriations to Address Hurricanes in the Gulf of Mexico, and Pandemic Influenza ...",external,days,high,Congressional vote — legislative action external to firm,,,,
vote_H_2014__20140918_CVX,,CVX,2014-09-18,H.R. 2 (113th): American Energy Solutions for Lower Costs and More American Jobs Act,external,days,high,Congressional vote — legislative action external to firm,,,,
vote_H_2014__20140918_XOM,,XOM,2014-09-18,H.R. 2 (113th): American Energy Solutions for Lower Costs and More American Jobs Act,external,days,high,Congressional vote — legislative action external to firm,,,,
vote_H_2015__20150602_AAL,,AAL,2015-06-02,"H.Res. 287: Providing for consideration of the bill (H.R. 2577) making appropriations for the Departments of Transportation, and Housing and ...",external,days,high,Congressional vote — legislative action external to firm,,,,
vote_H_2015__20150602_DAL,,DAL,2015-06-02,"H.Res. 287: Providing for consideration of the bill (H.R. 2577) making appropriations for the Departments of Transportation, and Housing and ...",external,days,high,Congressional vote — legislative action external to firm,,,,
vote_H_2015__20150602_UAL,,UAL,2015-06-02,"H.Res. 287: Providing for consideration of the bill (H.R. 2577) making appropriations for the Departments of Transportation, and Housing and ...",external,days,high,Congressional vote — legislative action external to firm,,,,
vote_H_2014__20140626_CVX,,CVX,2014-06-26,H.R. 4899 (113th): Lowering Gasoline Prices to Fuel an America That Works Act of 2014,external,days,high,Congressional vote — legislative action external to firm,,,,
vote_H_2014__20140626_XOM,,XOM,2014-06-26,H.R. 4899 (113th): Lowering Gasoline Prices to Fuel an America That Works Act of 2014,external,days,high,Congressional vote — legislative action external to firm,,,,
scotus_2012-022_20130227_MET,,MET,2013-02-27,"MARC J. GABELLI AND BRUCE ALPERT, PETITIONERS v. SECURITIES AND EXCHANGE COMMISSION",external,hours,high,Court decision — judicial ruling external to firm,,,,
scotus_2012-022_20130227_MA,,MA,2013-02-27,"MARC J. GABELLI AND BRUCE ALPERT, PETITIONERS v. SECURITIES AND EXCHANGE COMMISSION",external,hours,high,Court decision — judicial ruling external to firm,,,,
scotus_2012-022_20130227_V,,V,2013-02-27,"MARC J. GABELLI AND BRUCE ALPERT, PETITIONERS v. SECURITIES AND EXCHANGE COMMISSION",external,hours,high,Court decision — judicial ruling external to firm,,,,
scotus_2012-022_20130227_JPM,,JPM,2013-02-27,"MARC J. GABELLI AND BRUCE ALPERT, PETITIONERS v. SECURITIES AND EXCHANGE COMMISSION",external,hours,high,Court decision — judicial ruling external to firm,,,,
scotus_2012-022_20130227_BAC,,BAC,2013-02-27,"MARC J. GABELLI AND BRUCE ALPERT, PETITIONERS v. SECURITIES AND EXCHANGE COMMISSION",external,hours,high,Court decision — judicial ruling external to firm,,,,
scotus_2012-022_20130227_AXP,,AXP,2013-02-27,"MARC J. GABELLI AND BRUCE ALPERT, PETITIONERS v. SECURITIES AND EXCHANGE COMMISSION",external,hours,high,Court decision — judicial ruling external to firm,,,,
scotus_2012-022_20130227_WFC,,WFC,2013-02-27,"MARC J. GABELLI AND BRUCE ALPERT, PETITIONERS v. SECURITIES AND EXCHANGE COMMISSION",external,hours,high,Court decision — judicial ruling external to firm,,,,
scotus_2012-022_20130227_C,,C,2013-02-27,"MARC J. GABELLI AND BRUCE ALPERT, PETITIONERS v. SECURITIES AND EXCHANGE COMMISSION",external,hours,high,Court decision — judicial ruling external to firm,,,,
vote_S_2010__20100805_AAL,,AAL,2010-08-05,H.R. 1586 (111th): FAA Air Transportation Modernization and Safety Improvement Act,external,days,high,Congressional vote — legislative action external to firm,,,,
vote_S_2010__20100805_DAL,,DAL,2010-08-05,H.R. 1586 (111th): FAA Air Transportation Modernization and Safety Improvement Act,external,days,high,Congressional vote — legislative action external to firm,,,,
vote_S_2010__20100805_UAL,,UAL,2010-08-05,H.R. 1586 (111th): FAA Air Transportation Modernization and Safety Improvement Act,external,days,high,Congressional vote — legislative action external to firm,,,,
scotus_2013-039_20140429_MET,,MET,2014-04-29,EPA v. EME HOMER CITY GENERATION,external,hours,high,Court decision — judicial ruling external to firm,,,,
scotus_2013-039_20140429_MA,,MA,2014-04-29,EPA v. EME HOMER CITY GENERATION,external,hours,high,Court decision — judicial ruling external to firm,,,,
scotus_2013-039_20140429_V,,V,2014-04-29,EPA v. EME HOMER CITY GENERATION,external,hours,high,Court decision — judicial ruling external to firm,,,,
scotus_2013-039_20140429_JPM,,JPM,2014-04-29,EPA v. EME HOMER CITY GENERATION,external,hours,high,Court decision — judicial ruling external to firm,,,,
scotus_2013-039_20140429_BAC,,BAC,2014-04-29,EPA v. EME HOMER CITY GENERATION,external,hours,high,Court decision — judicial ruling external to firm,,,,
scotus_2013-039_20140429_AXP,,AXP,2014-04-29,EPA v. EME HOMER CITY GENERATION,external,hours,high,Court decision — judicial ruling external to firm,,,,
scotus_2013-039_20140429_WFC,,WFC,2014-04-29,EPA v. EME HOMER CITY GENERATION,external,hours,high,Court decision — judicial ruling external to firm,,,,
scotus_2013-039_20140429_C,,C,2014-04-29,EPA v. EME HOMER CITY GENERATION,external,hours,high,Court decision — judicial ruling external to firm,,,,
scotus_2021-035_20220113_MET,,MET,2022-01-13,"NATIONAL FEDERATION OF INDEPENDENT BUSINESS v. DEPARTMENT OF LABOR, OCCUPATIONAL SAFETY AND HEALTH ADMINISTRATION",external,hours,high,Court decision — judicial ruling external to firm,,,,
scotus_2021-035_20220113_MA,,MA,2022-01-13,"NATIONAL FEDERATION OF INDEPENDENT BUSINESS v. DEPARTMENT OF LABOR, OCCUPATIONAL SAFETY AND HEALTH ADMINISTRATION",external,hours,high,Court decision — judicial ruling external to firm,,,,
scotus_2021-035_20220113_V,,V,2022-01-13,"NATIONAL FEDERATION OF INDEPENDENT BUSINESS v. DEPARTMENT OF LABOR, OCCUPATIONAL SAFETY AND HEALTH ADMINISTRATION",external,hours,high,Court decision — judicial ruling external to firm,,,,
scotus_2021-035_20220113_UBS,,UBS,2022-01-13,"NATIONAL FEDERATION OF INDEPENDENT BUSINESS v. DEPARTMENT OF LABOR, OCCUPATIONAL SAFETY AND HEALTH ADMINISTRATION",external,hours,high,Court decision — judicial ruling external to firm,,,,
scotus_2021-035_20220113_JPM,,JPM,2022-01-13,"NATIONAL FEDERATION OF INDEPENDENT BUSINESS v. DEPARTMENT OF LABOR, OCCUPATIONAL SAFETY AND HEALTH ADMINISTRATION",external,hours,high,Court decision — judicial ruling external to firm,,,,
scotus_2021-035_20220113_BAC,,BAC,2022-01-13,"NATIONAL FEDERATION OF INDEPENDENT BUSINESS v. DEPARTMENT OF LABOR, OCCUPATIONAL SAFETY AND HEALTH ADMINISTRATION",external,hours,high,Court decision — judicial ruling external to firm,,,,
scotus_2021-035_20220113_AXP,,AXP,2022-01-13,"NATIONAL FEDERATION OF INDEPENDENT BUSINESS v. DEPARTMENT OF LABOR, OCCUPATIONAL SAFETY AND HEALTH ADMINISTRATION",external,hours,high,Court decision — judicial ruling external to firm,,,,
scotus_2021-035_20220113_WFC,,WFC,2022-01-13,"NATIONAL FEDERATION OF INDEPENDENT BUSINESS v. DEPARTMENT OF LABOR, OCCUPATIONAL SAFETY AND HEALTH ADMINISTRATION",external,hours,high,Court decision — judicial ruling external to firm,,,,
scotus_2021-035_20220113_PYPL,,PYPL,2022-01-13,"NATIONAL FEDERATION OF INDEPENDENT BUSINESS v. DEPARTMENT OF LABOR, OCCUPATIONAL SAFETY AND HEALTH ADMINISTRATION",external,hours,high,Court decision — judicial ruling external to firm,,,,
scotus_2021-035_20220113_C,,C,2022-01-13,"NATIONAL FEDERATION OF INDEPENDENT BUSINESS v. DEPARTMENT OF LABOR, OCCUPATIONAL SAFETY AND HEALTH ADMINISTRATION",external,hours,high,Court decision — judicial ruling external to firm,,,,
eo_13962_20201208_TMO,,TMO,2020-12-08,EO 13962: Ensuring Access to United States Government COVID-19 Vaccines,external,hours,high,Executive order — presidential action external to firm,,,,
eo_13962_20201208_PG,,PG,2020-12-08,EO 13962: Ensuring Access to United States Government COVID-19 Vaccines,external,hours,high,Executive order — presidential action external to firm,,,,
eo_13962_20201208_DHR,,DHR,2020-12-08,EO 13962: Ensuring Access to United States Government COVID-19 Vaccines,external,hours,high,Executive order — presidential action external to firm,,,,
eo_13962_20201208_ELF,,ELF,2020-12-08,EO 13962: Ensuring Access to United States Government COVID-19 Vaccines,external,hours,high,Executive order — presidential action external to firm,,,,
eo_13962_20201208_EPC,,EPC,2020-12-08,EO 13962: Ensuring Access to United States Government COVID-19 Vaccines,external,hours,high,Executive order — presidential action external to firm,,,,
vote_H_2022__20220517_AAL,,AAL,2022-05-17,H.R. 7309: Workforce Innovation and Opportunity Act of 2022,external,days,high,Congressional vote — legislative action external to firm,,,,
vote_H_2022__20220517_DAL,,DAL,2022-05-17,H.R. 7309: Workforce Innovation and Opportunity Act of 2022,external,days,high,Congressional vote — legislative action external to firm,,,,
vote_H_2022__20220517_LYFT,,LYFT,2022-05-17,H.R. 7309: Workforce Innovation and Opportunity Act of 2022,external,days,high,Congressional vote — legislative action external to firm,,,,
vote_H_2022__20220517_UAL,,UAL,2022-05-17,H.R. 7309: Workforce Innovation and Opportunity Act of 2022,external,days,high,Congressional vote — legislative action external to firm,,,,
vote_H_2008__20080508_MA,,MA,2008-05-08,H.R. 3221 (110th): Housing and Economic Recovery Act of 2008,external,days,high,Congressional vote — legislative action external to firm,,,,
vote_H_2008__20080508_V,,V,2008-05-08,H.R. 3221 (110th): Housing and Economic Recovery Act of 2008,external,days,high,Congressional vote — legislative action external to firm,,,,
vote_H_2008__20080508_JPM,,JPM,2008-05-08,H.R. 3221 (110th): Housing and Economic Recovery Act of 2008,external,days,high,Congressional vote — legislative action external to firm,,,,
vote_H_2008__20080508_BAC,,BAC,2008-05-08,H.R. 3221 (110th): Housing and Economic Recovery Act of 2008,external,days,high,Congressional vote — legislative action external to firm,,,,
vote_H_2008__20080508_AXP,,AXP,2008-05-08,H.R. 3221 (110th): Housing and Economic Recovery Act of 2008,external,days,high,Congressional vote — legislative action external to firm,,,,
vote_H_2008__20080508_WFC,,WFC,2008-05-08,H.R. 3221 (110th): Housing and Economic Recovery Act of 2008,external,days,high,Congressional vote — legislative action external to firm,,,,
vote_H_2008__20080508_C,,C,2008-05-08,H.R. 3221 (110th): Housing and Economic Recovery Act of 2008,external,days,high,Congressional vote — legislative action external to firm,,,,
scotus_2018-012_20190108_MET,,MET,2019-01-08,HENRY SCHEIN INC. v. ARCHER AND WHITE SALES INC.,external,hours,high,Court decision — judicial ruling external to firm,,,,
scotus_2018-012_20190108_MA,,MA,2019-01-08,HENRY SCHEIN INC. v. ARCHER AND WHITE SALES INC.,external,hours,high,Court decision — judicial ruling external to firm,,,,
scotus_2018-012_20190108_V,,V,2019-01-08,HENRY SCHEIN INC. v. ARCHER AND WHITE SALES INC.,external,hours,high,Court decision — judicial ruling external to firm,,,,
scotus_2018-012_20190108_UBS,,UBS,2019-01-08,HENRY SCHEIN INC. v. ARCHER AND WHITE SALES INC.,external,hours,high,Court decision — judicial ruling external to firm,,,,
scotus_2018-012_20190108_JPM,,JPM,2019-01-08,HENRY SCHEIN INC. v. ARCHER AND WHITE SALES INC.,external,hours,high,Court decision — judicial ruling external to firm,,,,
scotus_2018-012_20190108_BAC,,BAC,2019-01-08,HENRY SCHEIN INC. v. ARCHER AND WHITE SALES INC.,external,hours,high,Court decision — judicial ruling external to firm,,,,
scotus_2018-012_20190108_AXP,,AXP,2019-01-08,HENRY SCHEIN INC. v. ARCHER AND WHITE SALES INC.,external,hours,high,Court decision — judicial ruling external to firm,,,,
scotus_2018-012_20190108_WFC,,WFC,2019-01-08,HENRY SCHEIN INC. v. ARCHER AND WHITE SALES INC.,external,hours,high,Court decision — judicial ruling external to firm,,,,
scotus_2018-012_20190108_PYPL,,PYPL,2019-01-08,HENRY SCHEIN INC. v. ARCHER AND WHITE SALES INC.,external,hours,high,Court decision — judicial ruling external to firm,,,,
scotus_2018-012_20190108_C,,C,2019-01-08,HENRY SCHEIN INC. v. ARCHER AND WHITE SALES INC.,external,hours,high,Court decision — judicial ruling external to firm,,,,
scotus_2007-060_20080619_MET,,MET,2008-06-19,METRO. LIFE INS. CO. v. GLENN,external,hours,high,Court decision — judicial ruling external to firm,,,,
scotus_2007-060_20080619_MA,,MA,2008-06-19,METRO. LIFE INS. CO. v. GLENN,external,hours,high,Court decision — judicial ruling external to firm,,,,
scotus_2007-060_20080619_V,,V,2008-06-19,METRO. LIFE INS. CO. v. GLENN,external,hours,high,Court decision — judicial ruling external to firm,,,,
scotus_2007-060_20080619_JPM,,JPM,2008-06-19,METRO. LIFE INS. CO. v. GLENN,external,hours,high,Court decision — judicial ruling external to firm,,,,
scotus_2007-060_20080619_BAC,,BAC,2008-06-19,METRO. LIFE INS. CO. v. GLENN,external,hours,high,Court decision — judicial ruling external to firm,,,,
scotus_2007-060_20080619_AXP,,AXP,2008-06-19,METRO. LIFE INS. CO. v. GLENN,external,hours,high,Court decision — judicial ruling external to firm,,,,
scotus_2007-060_20080619_WFC,,WFC,2008-06-19,METRO. LIFE INS. CO. v. GLENN,external,hours,high,Court decision — judicial ruling external to firm,,,,
scotus_2007-060_20080619_C,,C,2008-06-19,METRO. LIFE INS. CO. v. GLENN,external,hours,high,Court decision — judicial ruling external to firm,,,,
vote_H_2021__20211207_IBM,,IBM,2021-12-07,S. 1605 (117th): National Defense Authorization Act for Fiscal Year 2022,external,days,high,Congressional vote — legislative action external to firm,,,,
vote_H_2021__20211207_GM,,GM,2021-12-07,S. 1605 (117th): National Defense Authorization Act for Fiscal Year 2022,external,days,high,Congressional vote — legislative action external to firm,,,,
vote_H_2021__20211207_TSLA,,TSLA,2021-12-07,S. 1605 (117th): National Defense Authorization Act for Fiscal Year 2022,external,days,high,Congressional vote — legislative action external to firm,,,,
vote_H_2021__20211207_CRM,,CRM,2021-12-07,S. 1605 (117th): National Defense Authorization Act for Fiscal Year 2022,external,days,high,Congressional vote — legislative action external to firm,,,,
vote_H_2021__20211207_ADBE,,ADBE,2021-12-07,S. 1605 (117th): National Defense Authorization Act for Fiscal Year 2022,external,days,high,Congressional vote — legislative action external to firm,,,,
vote_H_2021__20211207_BA,,BA,2021-12-07,S. 1605 (117th): National Defense Authorization Act for Fiscal Year 2022,external,days,high,Congressional vote — legislative action external to firm,,,,
vote_H_2021__20211207_LMT,,LMT,2021-12-07,S. 1605 (117th): National Defense Authorization Act for Fiscal Year 2022,external,days,high,Congressional vote — legislative action external to firm,,,,
vote_H_2021__20211207_F,,F,2021-12-07,S. 1605 (117th): National Defense Authorization Act for Fiscal Year 2022,external,days,high,Congressional vote — legislative action external to firm,,,,
scotus_2013-066_20140625_MET,,MET,2014-06-25,FIFTH THIRD BANCORP v. DUDENHOEFFER,external,hours,high,Court decision — judicial ruling external to firm,,,,
scotus_2013-066_20140625_MA,,MA,2014-06-25,FIFTH THIRD BANCORP v. DUDENHOEFFER,external,hours,high,Court decision — judicial ruling external to firm,,,,
scotus_2013-066_20140625_V,,V,2014-06-25,FIFTH THIRD BANCORP v. DUDENHOEFFER,external,hours,high,Court decision — judicial ruling external to firm,,,,
scotus_2013-066_20140625_JPM,,JPM,2014-06-25,FIFTH THIRD BANCORP v. DUDENHOEFFER,external,hours,high,Court decision — judicial ruling external to firm,,,,
scotus_2013-066_20140625_BAC,,BAC,2014-06-25,FIFTH THIRD BANCORP v. DUDENHOEFFER,external,hours,high,Court decision — judicial ruling external to firm,,,,
scotus_2013-066_20140625_AXP,,AXP,2014-06-25,FIFTH THIRD BANCORP v. DUDENHOEFFER,external,hours,high,Court decision — judicial ruling external to firm,,,,
scotus_2013-066_20140625_WFC,,WFC,2014-06-25,FIFTH THIRD BANCORP v. DUDENHOEFFER,external,hours,high,Court decision — judicial ruling external to firm,,,,
scotus_2013-066_20140625_C,,C,2014-06-25,FIFTH THIRD BANCORP v. DUDENHOEFFER,external,hours,high,Court decision — judicial ruling external to firm,,,,
eo_13260_20020319_F,,F,2002-03-19,EO 13260: Establishing the President's Homeland Security Advisory Council and Senior Advisory Committees for Homeland,external,hours,high,Executive order — presidential action external to firm,,,,
vote_H_2023__20230131_TMO,,TMO,2023-01-31,H.R. 497 (118th): Freedom for Health Care Workers Act,external,days,high,Congressional vote — legislative action external to firm,,,,
vote_H_2023__20230131_PG,,PG,2023-01-31,H.R. 497 (118th): Freedom for Health Care Workers Act,external,days,high,Congressional vote — legislative action external to firm,,,,
vote_H_2023__20230131_DHR,,DHR,2023-01-31,H.R. 497 (118th): Freedom for Health Care Workers Act,external,days,high,Congressional vote — legislative action external to firm,,,,
vote_H_2023__20230131_ELF,,ELF,2023-01-31,H.R. 497 (118th): Freedom for Health Care Workers Act,external,days,high,Congressional vote — legislative action external to firm,,,,
vote_H_2023__20230131_EPC,,EPC,2023-01-31,H.R. 497 (118th): Freedom for Health Care Workers Act,external,days,high,Congressional vote — legislative action external to firm,,,,
scotus_2022-051_20230601_MET,,MET,2023-06-01,SLACK TECHNOLOGIES v. PIRANI,external,hours,high,Court decision — judicial ruling external to firm,,,,
scotus_2022-051_20230601_MA,,MA,2023-06-01,SLACK TECHNOLOGIES v. PIRANI,external,hours,high,Court decision — judicial ruling external to firm,,,,
scotus_2022-051_20230601_V,,V,2023-06-01,SLACK TECHNOLOGIES v. PIRANI,external,hours,high,Court decision — judicial ruling external to firm,,,,
scotus_2022-051_20230601_UBS,,UBS,2023-06-01,SLACK TECHNOLOGIES v. PIRANI,external,hours,high,Court decision — judicial ruling external to firm,,,,
scotus_2022-051_20230601_JPM,,JPM,2023-06-01,SLACK TECHNOLOGIES v. PIRANI,external,hours,high,Court decision — judicial ruling external to firm,,,,
scotus_2022-051_20230601_BAC,,BAC,2023-06-01,SLACK TECHNOLOGIES v. PIRANI,external,hours,high,Court decision — judicial ruling external to firm,,,,
scotus_2022-051_20230601_AXP,,AXP,2023-06-01,SLACK TECHNOLOGIES v. PIRANI,external,hours,high,Court decision — judicial ruling external to firm,,,,
scotus_2022-051_20230601_WFC,,WFC,2023-06-01,SLACK TECHNOLOGIES v. PIRANI,external,hours,high,Court decision — judicial ruling external to firm,,,,
scotus_2022-051_20230601_PYPL,,PYPL,2023-06-01,SLACK TECHNOLOGIES v. PIRANI,external,hours,high,Court decision — judicial ruling external to firm,,,,
scotus_2022-051_20230601_C,,C,2023-06-01,SLACK TECHNOLOGIES v. PIRANI,external,hours,high,Court decision — judicial ruling external to firm,,,,
vote_H_2020__20200515_TMO,,TMO,2020-05-15,H.Res. 967: Providing for consideration of the resolution (H. Res. 965) authorizing remote voting by proxy in the House of Representatives and providing for official remote committee proceedings during a public health emergency due to a novel coronavirus,external,days,high,Congressional vote — legislative action external to firm,,,,
vote_H_2020__20200515_PG,,PG,2020-05-15,H.Res. 967: Providing for consideration of the resolution (H. Res. 965) authorizing remote voting by proxy in the House of Representatives and providing for official remote committee proceedings during a public health emergency due to a novel coronavirus,external,days,high,Congressional vote — legislative action external to firm,,,,
vote_H_2020__20200515_DHR,,DHR,2020-05-15,H.Res. 967: Providing for consideration of the resolution (H. Res. 965) authorizing remote voting by proxy in the House of Representatives and providing for official remote committee proceedings during a public health emergency due to a novel coronavirus,external,days,high,Congressional vote — legislative action external to firm,,,,
vote_H_2020__20200515_ELF,,ELF,2020-05-15,H.Res. 967: Providing for consideration of the resolution (H. Res. 965) authorizing remote voting by proxy in the House of Representatives and providing for official remote committee proceedings during a public health emergency due to a novel coronavirus,external,days,high,Congressional vote — legislative action external to firm,,,,
vote_H_2020__20200515_EPC,,EPC,2020-05-15,H.Res. 967: Providing for consideration of the resolution (H. Res. 965) authorizing remote voting by proxy in the House of Representatives and providing for official remote committee proceedings during a public health emergency due to a novel coronavirus,external,days,high,Congressional vote — legislative action external to firm,,,,
vote_H_2013__20131115_TMO,,TMO,2013-11-15,H.Res. 413 (113th): Providing for consideration of the bill (H.R. 3350) to authorize health insurance issuers to continue to offer ...,external,days,high,Congressional vote — legislative action external to firm,,,,
vote_H_2013__20131115_PG,,PG,2013-11-15,H.Res. 413 (113th): Providing for consideration of the bill (H.R. 3350) to authorize health insurance issuers to continue to offer ...,external,days,high,Congressional vote — legislative action external to firm,,,,
vote_H_2013__20131115_DHR,,DHR,2013-11-15,H.Res. 413 (113th): Providing for consideration of the bill (H.R. 3350) to authorize health insurance issuers to continue to offer ...,external,days,high,Congressional vote — legislative action external to firm,,,,
vote_H_2013__20131115_EPC,,EPC,2013-11-15,H.Res. 413 (113th): Providing for consideration of the bill (H.R. 3350) to authorize health insurance issuers to continue to offer ...,external,days,high,Congressional vote — legislative action external to firm,,,,
vote_H_2019__20190925_IBM,,IBM,2019-09-25,"H.Res. 577: Providing for consideration of the bill (H.R. 2203) to increase transparency, accountability, and community engagement within the Department of Homeland Security, provide independent oversight of border security activities, improve training f",external,days,high,Congressional vote — legislative action external to firm,,,,
vote_H_2019__20190925_GM,,GM,2019-09-25,"H.Res. 577: Providing for consideration of the bill (H.R. 2203) to increase transparency, accountability, and community engagement within the Department of Homeland Security, provide independent oversight of border security activities, improve training f",external,days,high,Congressional vote — legislative action external to firm,,,,
vote_H_2019__20190925_TSLA,,TSLA,2019-09-25,"H.Res. 577: Providing for consideration of the bill (H.R. 2203) to increase transparency, accountability, and community engagement within the Department of Homeland Security, provide independent oversight of border security activities, improve training f",external,days,high,Congressional vote — legislative action external to firm,,,,
vote_H_2019__20190925_CRM,,CRM,2019-09-25,"H.Res. 577: Providing for consideration of the bill (H.R. 2203) to increase transparency, accountability, and community engagement within the Department of Homeland Security, provide independent oversight of border security activities, improve training f",external,days,high,Congressional vote — legislative action external to firm,,,,
vote_H_2019__20190925_ADBE,,ADBE,2019-09-25,"H.Res. 577: Providing for consideration of the bill (H.R. 2203) to increase transparency, accountability, and community engagement within the Department of Homeland Security, provide independent oversight of border security activities, improve training f",external,days,high,Congressional vote — legislative action external to firm,,,,
vote_H_2019__20190925_BA,,BA,2019-09-25,"H.Res. 577: Providing for consideration of the bill (H.R. 2203) to increase transparency, accountability, and community engagement within the Department of Homeland Security, provide independent oversight of border security activities, improve training f",external,days,high,Congressional vote — legislative action external to firm,,,,
vote_H_2019__20190925_LMT,,LMT,2019-09-25,"H.Res. 577: Providing for consideration of the bill (H.R. 2203) to increase transparency, accountability, and community engagement within the Department of Homeland Security, provide independent oversight of border security activities, improve training f",external,days,high,Congressional vote — legislative action external to firm,,,,
vote_H_2019__20190925_F,,F,2019-09-25,"H.Res. 577: Providing for consideration of the bill (H.R. 2203) to increase transparency, accountability, and community engagement within the Department of Homeland Security, provide independent oversight of border security activities, improve training f",external,days,high,Congressional vote — legislative action external to firm,,,,
eo_14183_20250127_IBM,,IBM,2025-01-27,EO 14183: Prioritizing Military Excellence and Readiness,external,hours,high,Executive order — presidential action external to firm,,,,
eo_14183_20250127_GM,,GM,2025-01-27,EO 14183: Prioritizing Military Excellence and Readiness,external,hours,high,Executive order — presidential action external to firm,,,,
eo_14183_20250127_TSLA,,TSLA,2025-01-27,EO 14183: Prioritizing Military Excellence and Readiness,external,hours,high,Executive order — presidential action external to firm,,,,
eo_14183_20250127_CRM,,CRM,2025-01-27,EO 14183: Prioritizing Military Excellence and Readiness,external,hours,high,Executive order — presidential action external to firm,,,,
eo_14183_20250127_ADBE,,ADBE,2025-01-27,EO 14183: Prioritizing Military Excellence and Readiness,external,hours,high,Executive order — presidential action external to firm,,,,
eo_14183_20250127_BA,,BA,2025-01-27,EO 14183: Prioritizing Military Excellence and Readiness,external,hours,high,Executive order — presidential action external to firm,,,,
eo_14183_20250127_LMT,,LMT,2025-01-27,EO 14183: Prioritizing Military Excellence and Readiness,external,hours,high,Executive order — presidential action external to firm,,,,
eo_14183_20250127_F,,F,2025-01-27,EO 14183: Prioritizing Military Excellence and Readiness,external,hours,high,Executive order — presidential action external to firm,,,,
vote_H_2011__20110624_IBM,,IBM,2011-06-24,H.J.Res. 68 (112th): Authorizing the limited use of the United States Armed Forces in support of the NATO mission in ...,external,days,high,Congressional vote — legislative action external to firm,,,,
vote_H_2011__20110624_GM,,GM,2011-06-24,H.J.Res. 68 (112th): Authorizing the limited use of the United States Armed Forces in support of the NATO mission in ...,external,days,high,Congressional vote — legislative action external to firm,,,,
vote_H_2011__20110624_TSLA,,TSLA,2011-06-24,H.J.Res. 68 (112th): Authorizing the limited use of the United States Armed Forces in support of the NATO mission in ...,external,days,high,Congressional vote — legislative action external to firm,,,,
vote_H_2011__20110624_CRM,,CRM,2011-06-24,H.J.Res. 68 (112th): Authorizing the limited use of the United States Armed Forces in support of the NATO mission in ...,external,days,high,Congressional vote — legislative action external to firm,,,,
vote_H_2011__20110624_ADBE,,ADBE,2011-06-24,H.J.Res. 68 (112th): Authorizing the limited use of the United States Armed Forces in support of the NATO mission in ...,external,days,high,Congressional vote — legislative action external to firm,,,,
vote_H_2011__20110624_BA,,BA,2011-06-24,H.J.Res. 68 (112th): Authorizing the limited use of the United States Armed Forces in support of the NATO mission in ...,external,days,high,Congressional vote — legislative action external to firm,,,,
vote_H_2011__20110624_LMT,,LMT,2011-06-24,H.J.Res. 68 (112th): Authorizing the limited use of the United States Armed Forces in support of the NATO mission in ...,external,days,high,Congressional vote — legislative action external to firm,,,,
vote_H_2011__20110624_F,,F,2011-06-24,H.J.Res. 68 (112th): Authorizing the limited use of the United States Armed Forces in support of the NATO mission in ...,external,days,high,Congressional vote — legislative action external to firm,,,,
scotus_2017-044_20180625_MET,,MET,2018-06-25,OHIO v. AMERICAN EXPRESS CO.,external,hours,high,Court decision — judicial ruling external to firm,,,,
scotus_2017-044_20180625_MA,,MA,2018-06-25,OHIO v. AMERICAN EXPRESS CO.,external,hours,high,Court decision — judicial ruling external to firm,,,,
scotus_2017-044_20180625_V,,V,2018-06-25,OHIO v. AMERICAN EXPRESS CO.,external,hours,high,Court decision — judicial ruling external to firm,,,,
scotus_2017-044_20180625_UBS,,UBS,2018-06-25,OHIO v. AMERICAN EXPRESS CO.,external,hours,high,Court decision — judicial ruling external to firm,,,,
scotus_2017-044_20180625_JPM,,JPM,2018-06-25,OHIO v. AMERICAN EXPRESS CO.,external,hours,high,Court decision — judicial ruling external to firm,,,,
scotus_2017-044_20180625_BAC,,BAC,2018-06-25,OHIO v. AMERICAN EXPRESS CO.,external,hours,high,Court decision — judicial ruling external to firm,,,,
scotus_2017-044_20180625_AXP,,AXP,2018-06-25,OHIO v. AMERICAN EXPRESS CO.,external,hours,high,Court decision — judicial ruling external to firm,,,,
scotus_2017-044_20180625_WFC,,WFC,2018-06-25,OHIO v. AMERICAN EXPRESS CO.,external,hours,high,Court decision — judicial ruling external to firm,,,,
scotus_2017-044_20180625_PYPL,,PYPL,2018-06-25,OHIO v. AMERICAN EXPRESS CO.,external,hours,high,Court decision — judicial ruling external to firm,,,,
scotus_2017-044_20180625_C,,C,2018-06-25,OHIO v. AMERICAN EXPRESS CO.,external,hours,high,Court decision — judicial ruling external to firm,,,,
vote_H_2006__20060929_AAL,,AAL,2006-09-29,H.Res. 1053 (109th): Waiving a requirement of clause 6(a) of rule XIII with respect to consideration of certain resolutions reported ...,external,days,high,Congressional vote — legislative action external to firm,,,,
vote_H_2006__20060929_DAL,,DAL,2006-09-29,H.Res. 1053 (109th): Waiving a requirement of clause 6(a) of rule XIII with respect to consideration of certain resolutions reported ...,external,days,high,Congressional vote — legislative action external to firm,,,,
vote_H_2006__20060929_UAL,,UAL,2006-09-29,H.Res. 1053 (109th): Waiving a requirement of clause 6(a) of rule XIII with respect to consideration of certain resolutions reported ...,external,days,high,Congressional vote — legislative action external to firm,,,,
vote_H_2004__20040512_TMO,,TMO,2004-05-12,H.R. 4279 (108th): HEALTH Act of 2004,external,days,high,Congressional vote — legislative action external to firm,,,,
vote_H_2004__20040512_DHR,,DHR,2004-05-12,H.R. 4279 (108th): HEALTH Act of 2004,external,days,high,Congressional vote — legislative action external to firm,,,,
vote_H_2004__20040512_PG,,PG,2004-05-12,H.R. 4279 (108th): HEALTH Act of 2004,external,days,high,Congressional vote — legislative action external to firm,,,,
vote_H_2004__20040512_EPC,,EPC,2004-05-12,H.R. 4279 (108th): HEALTH Act of 2004,external,days,high,Congressional vote — legislative action external to firm,,,,
scotus_2010-052_20110531_MET,,MET,2011-05-31,"JOHN D. ASHCROFT, PETITIONER v. ABDULLAH AL-KIDD",external,hours,high,Court decision — judicial ruling external to firm,,,,
scotus_2010-052_20110531_MA,,MA,2011-05-31,"JOHN D. ASHCROFT, PETITIONER v. ABDULLAH AL-KIDD",external,hours,high,Court decision — judicial ruling external to firm,,,,
scotus_2010-052_20110531_V,,V,2011-05-31,"JOHN D. ASHCROFT, PETITIONER v. ABDULLAH AL-KIDD",external,hours,high,Court decision — judicial ruling external to firm,,,,
scotus_2010-052_20110531_JPM,,JPM,2011-05-31,"JOHN D. ASHCROFT, PETITIONER v. ABDULLAH AL-KIDD",external,hours,high,Court decision — judicial ruling external to firm,,,,
scotus_2010-052_20110531_BAC,,BAC,2011-05-31,"JOHN D. ASHCROFT, PETITIONER v. ABDULLAH AL-KIDD",external,hours,high,Court decision — judicial ruling external to firm,,,,
scotus_2010-052_20110531_AXP,,AXP,2011-05-31,"JOHN D. ASHCROFT, PETITIONER v. ABDULLAH AL-KIDD",external,hours,high,Court decision — judicial ruling external to firm,,,,
scotus_2010-052_20110531_WFC,,WFC,2011-05-31,"JOHN D. ASHCROFT, PETITIONER v. ABDULLAH AL-KIDD",external,hours,high,Court decision — judicial ruling external to firm,,,,
scotus_2010-052_20110531_C,,C,2011-05-31,"JOHN D. ASHCROFT, PETITIONER v. ABDULLAH AL-KIDD",external,hours,high,Court decision — judicial ruling external to firm,,,,
vote_H_2013__20130929_IBM,,IBM,2013-09-29,H.R. 3210 (113th): Pay Our Military Act,external,days,high,Congressional vote — legislative action external to firm,,,,
vote_H_2013__20130929_GM,,GM,2013-09-29,H.R. 3210 (113th): Pay Our Military Act,external,days,high,Congressional vote — legislative action external to firm,,,,
vote_H_2013__20130929_TSLA,,TSLA,2013-09-29,H.R. 3210 (113th): Pay Our Military Act,external,days,high,Congressional vote — legislative action external to firm,,,,
vote_H_2013__20130929_CRM,,CRM,2013-09-29,H.R. 3210 (113th): Pay Our Military Act,external,days,high,Congressional vote — legislative action external to firm,,,,
vote_H_2013__20130929_ADBE,,ADBE,2013-09-29,H.R. 3210 (113th): Pay Our Military Act,external,days,high,Congressional vote — legislative action external to firm,,,,
vote_H_2013__20130929_BA,,BA,2013-09-29,H.R. 3210 (113th): Pay Our Military Act,external,days,high,Congressional vote — legislative action external to firm,,,,
vote_H_2013__20130929_LMT,,LMT,2013-09-29,H.R. 3210 (113th): Pay Our Military Act,external,days,high,Congressional vote — legislative action external to firm,,,,
vote_H_2013__20130929_F,,F,2013-09-29,H.R. 3210 (113th): Pay Our Military Act,external,days,high,Congressional vote — legislative action external to firm,,,,
vote_H_2004__20041009_IBM,,IBM,2004-10-09,H.R. 4200 (108th): Ronald W. Reagan National Defense Authorization Act for Fiscal Year 2005,external,days,high,Congressional vote — legislative action external to firm,,,,
vote_H_2004__20041009_LMT,,LMT,2004-10-09,H.R. 4200 (108th): Ronald W. Reagan National Defense Authorization Act for Fiscal Year 2005,external,days,high,Congressional vote — legislative action external to firm,,,,
vote_H_2004__20041009_CRM,,CRM,2004-10-09,H.R. 4200 (108th): Ronald W. Reagan National Defense Authorization Act for Fiscal Year 2005,external,days,high,Congressional vote — legislative action external to firm,,,,
vote_H_2004__20041009_ADBE,,ADBE,2004-10-09,H.R. 4200 (108th): Ronald W. Reagan National Defense Authorization Act for Fiscal Year 2005,external,days,high,Congressional vote — legislative action external to firm,,,,
vote_H_2004__20041009_BA,,BA,2004-10-09,H.R. 4200 (108th): Ronald W. Reagan National Defense Authorization Act for Fiscal Year 2005,external,days,high,Congressional vote — legislative action external to firm,,,,
vote_H_2004__20041009_F,,F,2004-10-09,H.R. 4200 (108th): Ronald W. Reagan National Defense Authorization Act for Fiscal Year 2005,external,days,high,Congressional vote — legislative action external to firm,,,,
vote_H_2003__20030624_BA,,BA,2003-06-24,"H.R. 2555 (108th): Department of Homeland Security Appropriations Act, 2004",external,days,high,Congressional vote — legislative action external to firm,,,,
scotus_2007-039_20080519_MET,,MET,2008-05-19,"DEPARTMENT OF REVENUE OF KENTUCKY, et al. v. GEORGE W. DAVIS, ET UX",external,hours,high,Court decision — judicial ruling external to firm,,,,
scotus_2007-039_20080519_MA,,MA,2008-05-19,"DEPARTMENT OF REVENUE OF KENTUCKY, et al. v. GEORGE W. DAVIS, ET UX",external,hours,high,Court decision — judicial ruling external to firm,,,,
scotus_2007-039_20080519_V,,V,2008-05-19,"DEPARTMENT OF REVENUE OF KENTUCKY, et al. v. GEORGE W. DAVIS, ET UX",external,hours,high,Court decision — judicial ruling external to firm,,,,
scotus_2007-039_20080519_JPM,,JPM,2008-05-19,"DEPARTMENT OF REVENUE OF KENTUCKY, et al. v. GEORGE W. DAVIS, ET UX",external,hours,high,Court decision — judicial ruling external to firm,,,,
scotus_2007-039_20080519_BAC,,BAC,2008-05-19,"DEPARTMENT OF REVENUE OF KENTUCKY, et al. v. GEORGE W. DAVIS, ET UX",external,hours,high,Court decision — judicial ruling external to firm,,,,
scotus_2007-039_20080519_AXP,,AXP,2008-05-19,"DEPARTMENT OF REVENUE OF KENTUCKY, et al. v. GEORGE W. DAVIS, ET UX",external,hours,high,Court decision — judicial ruling external to firm,,,,
scotus_2007-039_20080519_WFC,,WFC,2008-05-19,"DEPARTMENT OF REVENUE OF KENTUCKY, et al. v. GEORGE W. DAVIS, ET UX",external,hours,high,Court decision — judicial ruling external to firm,,,,
scotus_2007-039_20080519_C,,C,2008-05-19,"DEPARTMENT OF REVENUE OF KENTUCKY, et al. v. GEORGE W. DAVIS, ET UX",external,hours,high,Court decision — judicial ruling external to firm,,,,
scotus_2002-065_20030602_WFC,,WFC,2003-06-02,"THE CITIZENS BANK v. ALAFABCO, INC., et al.",external,hours,high,Court decision — judicial ruling external to firm,,,,
scotus_2002-065_20030602_JPM,,JPM,2003-06-02,"THE CITIZENS BANK v. ALAFABCO, INC., et al.",external,hours,high,Court decision — judicial ruling external to firm,,,,
scotus_2002-065_20030602_C,,C,2003-06-02,"THE CITIZENS BANK v. ALAFABCO, INC., et al.",external,hours,high,Court decision — judicial ruling external to firm,,,,
scotus_2002-065_20030602_BAC,,BAC,2003-06-02,"THE CITIZENS BANK v. ALAFABCO, INC., et al.",external,hours,high,Court decision — judicial ruling external to firm,,,,
eo_13588_20111031_TMO,,TMO,2011-10-31,EO 13588: Reducing Prescription Drug Shortages,external,hours,high,Executive order — presidential action external to firm,,,,
eo_13588_20111031_PG,,PG,2011-10-31,EO 13588: Reducing Prescription Drug Shortages,external,hours,high,Executive order — presidential action external to firm,,,,
eo_13588_20111031_DHR,,DHR,2011-10-31,EO 13588: Reducing Prescription Drug Shortages,external,hours,high,Executive order — presidential action external to firm,,,,
eo_13588_20111031_EPC,,EPC,2011-10-31,EO 13588: Reducing Prescription Drug Shortages,external,hours,high,Executive order — presidential action external to firm,,,,
vote_S_2005__20050922_TMO,,TMO,2005-09-22,"H.R. 2744 (109th): Agriculture, Rural Development, Food and Drug Administration, and Related Agencies Appropriations Act, 2006",external,days,high,Congressional vote — legislative action external to firm,,,,
vote_S_2005__20050922_DHR,,DHR,2005-09-22,"H.R. 2744 (109th): Agriculture, Rural Development, Food and Drug Administration, and Related Agencies Appropriations Act, 2006",external,days,high,Congressional vote — legislative action external to firm,,,,
vote_S_2005__20050922_PG,,PG,2005-09-22,"H.R. 2744 (109th): Agriculture, Rural Development, Food and Drug Administration, and Related Agencies Appropriations Act, 2006",external,days,high,Congressional vote — legislative action external to firm,,,,
vote_S_2005__20050922_EPC,,EPC,2005-09-22,"H.R. 2744 (109th): Agriculture, Rural Development, Food and Drug Administration, and Related Agencies Appropriations Act, 2006",external,days,high,Congressional vote — legislative action external to firm,,,,
vote_S_2018__20181003_AAL,,AAL,2018-10-03,H.R. 6: SUPPORT for Patients and Communities Act,external,days,high,Congressional vote — legislative action external to firm,,,,
vote_S_2018__20181003_DAL,,DAL,2018-10-03,H.R. 6: SUPPORT for Patients and Communities Act,external,days,high,Congressional vote — legislative action external to firm,,,,
vote_S_2018__20181003_UAL,,UAL,2018-10-03,H.R. 6: SUPPORT for Patients and Communities Act,external,days,high,Congressional vote — legislative action external to firm,,,,
vote_S_2018__20181003_TMO,,TMO,2018-10-03,H.R. 6: SUPPORT for Patients and Communities Act,external,days,high,Congressional vote — legislative action external to firm,,,,
vote_S_2018__20181003_PG,,PG,2018-10-03,H.R. 6: SUPPORT for Patients and Communities Act,external,days,high,Congressional vote — legislative action external to firm,,,,
vote_S_2018__20181003_DHR,,DHR,2018-10-03,H.R. 6: SUPPORT for Patients and Communities Act,external,days,high,Congressional vote — legislative action external to firm,,,,
vote_S_2018__20181003_ELF,,ELF,2018-10-03,H.R. 6: SUPPORT for Patients and Communities Act,external,days,high,Congressional vote — legislative action external to firm,,,,
vote_S_2018__20181003_EPC,,EPC,2018-10-03,H.R. 6: SUPPORT for Patients and Communities Act,external,days,high,Congressional vote — legislative action external to firm,,,,
vote_S_2001__20010926_F,,F,2001-09-26,"H.R. 2904 (107th): Military Construction Appropriations Act, 2002",external,days,high,Congressional vote — legislative action external to firm,,,,
vote_H_2011__20110413_IBM,,IBM,2011-04-13,H.Res. 218 (112th): Providing for consideration of the bill (H.R. 1473) making appropriations for the Department of Defense and the ...,external,days,high,Congressional vote — legislative action external to firm,,,,
vote_H_2011__20110413_GM,,GM,2011-04-13,H.Res. 218 (112th): Providing for consideration of the bill (H.R. 1473) making appropriations for the Department of Defense and the ...,external,days,high,Congressional vote — legislative action external to firm,,,,
vote_H_2011__20110413_TSLA,,TSLA,2011-04-13,H.Res. 218 (112th): Providing for consideration of the bill (H.R. 1473) making appropriations for the Department of Defense and the ...,external,days,high,Congressional vote — legislative action external to firm,,,,
vote_H_2011__20110413_CRM,,CRM,2011-04-13,H.Res. 218 (112th): Providing for consideration of the bill (H.R. 1473) making appropriations for the Department of Defense and the ...,external,days,high,Congressional vote — legislative action external to firm,,,,
vote_H_2011__20110413_ADBE,,ADBE,2011-04-13,H.Res. 218 (112th): Providing for consideration of the bill (H.R. 1473) making appropriations for the Department of Defense and the ...,external,days,high,Congressional vote — legislative action external to firm,,,,
vote_H_2011__20110413_BA,,BA,2011-04-13,H.Res. 218 (112th): Providing for consideration of the bill (H.R. 1473) making appropriations for the Department of Defense and the ...,external,days,high,Congressional vote — legislative action external to firm,,,,
vote_H_2011__20110413_LMT,,LMT,2011-04-13,H.Res. 218 (112th): Providing for consideration of the bill (H.R. 1473) making appropriations for the Department of Defense and the ...,external,days,high,Congressional vote — legislative action external to firm,,,,
vote_H_2011__20110413_F,,F,2011-04-13,H.Res. 218 (112th): Providing for consideration of the bill (H.R. 1473) making appropriations for the Department of Defense and the ...,external,days,high,Congressional vote — legislative action external to firm,,,,
vote_H_2017__20170215_TMO,,TMO,2017-02-15,"H.Res. 123: Providing for consideration of the joint resolution (H.J. Res. 43) providing for congressional disapproval under chapter 8 of title 5, United States Code, of the final rule submitted by Secretary of Health and Human Services relating to compl",external,days,high,Congressional vote — legislative action external to firm,,,,
vote_H_2017__20170215_PG,,PG,2017-02-15,"H.Res. 123: Providing for consideration of the joint resolution (H.J. Res. 43) providing for congressional disapproval under chapter 8 of title 5, United States Code, of the final rule submitted by Secretary of Health and Human Services relating to compl",external,days,high,Congressional vote — legislative action external to firm,,,,
vote_H_2017__20170215_DHR,,DHR,2017-02-15,"H.Res. 123: Providing for consideration of the joint resolution (H.J. Res. 43) providing for congressional disapproval under chapter 8 of title 5, United States Code, of the final rule submitted by Secretary of Health and Human Services relating to compl",external,days,high,Congressional vote — legislative action external to firm,,,,
vote_H_2017__20170215_ELF,,ELF,2017-02-15,"H.Res. 123: Providing for consideration of the joint resolution (H.J. Res. 43) providing for congressional disapproval under chapter 8 of title 5, United States Code, of the final rule submitted by Secretary of Health and Human Services relating to compl",external,days,high,Congressional vote — legislative action external to firm,,,,
vote_H_2017__20170215_EPC,,EPC,2017-02-15,"H.Res. 123: Providing for consideration of the joint resolution (H.J. Res. 43) providing for congressional disapproval under chapter 8 of title 5, United States Code, of the final rule submitted by Secretary of Health and Human Services relating to compl",external,days,high,Congressional vote — legislative action external to firm,,,,
eo_14367_20251215_IBM,,IBM,2025-12-15,EO 14367: Designating Fentanyl as a Weapon of Mass Destruction,external,hours,high,Executive order — presidential action external to firm,,,,
eo_14367_20251215_GM,,GM,2025-12-15,EO 14367: Designating Fentanyl as a Weapon of Mass Destruction,external,hours,high,Executive order — presidential action external to firm,,,,
eo_14367_20251215_TSLA,,TSLA,2025-12-15,EO 14367: Designating Fentanyl as a Weapon of Mass Destruction,external,hours,high,Executive order — presidential action external to firm,,,,
eo_14367_20251215_CRM,,CRM,2025-12-15,EO 14367: Designating Fentanyl as a Weapon of Mass Destruction,external,hours,high,Executive order — presidential action external to firm,,,,
eo_14367_20251215_ADBE,,ADBE,2025-12-15,EO 14367: Designating Fentanyl as a Weapon of Mass Destruction,external,hours,high,Executive order — presidential action external to firm,,,,
eo_14367_20251215_BA,,BA,2025-12-15,EO 14367: Designating Fentanyl as a Weapon of Mass Destruction,external,hours,high,Executive order — presidential action external to firm,,,,
eo_14367_20251215_LMT,,LMT,2025-12-15,EO 14367: Designating Fentanyl as a Weapon of Mass Destruction,external,hours,high,Executive order — presidential action external to firm,,,,
eo_14367_20251215_F,,F,2025-12-15,EO 14367: Designating Fentanyl as a Weapon of Mass Destruction,external,hours,high,Executive order — presidential action external to firm,,,,
vote_H_2003__20030626_BA,,BA,2003-06-26,"H.R. 2559 (108th): Military Construction Appropriations Act, 2004",external,days,high,Congressional vote — legislative action external to firm,,,,
scotus_2013-010_20131216_MET,,MET,2013-12-16,HEIMESHOFF v. HARTFORD LIFE & ACCIDENT INS. CO.,external,hours,high,Court decision — judicial ruling external to firm,,,,
scotus_2013-010_20131216_MA,,MA,2013-12-16,HEIMESHOFF v. HARTFORD LIFE & ACCIDENT INS. CO.,external,hours,high,Court decision — judicial ruling external to firm,,,,
scotus_2013-010_20131216_V,,V,2013-12-16,HEIMESHOFF v. HARTFORD LIFE & ACCIDENT INS. CO.,external,hours,high,Court decision — judicial ruling external to firm,,,,
scotus_2013-010_20131216_JPM,,JPM,2013-12-16,HEIMESHOFF v. HARTFORD LIFE & ACCIDENT INS. CO.,external,hours,high,Court decision — judicial ruling external to firm,,,,
scotus_2013-010_20131216_BAC,,BAC,2013-12-16,HEIMESHOFF v. HARTFORD LIFE & ACCIDENT INS. CO.,external,hours,high,Court decision — judicial ruling external to firm,,,,
scotus_2013-010_20131216_AXP,,AXP,2013-12-16,HEIMESHOFF v. HARTFORD LIFE & ACCIDENT INS. CO.,external,hours,high,Court decision — judicial ruling external to firm,,,,
scotus_2013-010_20131216_WFC,,WFC,2013-12-16,HEIMESHOFF v. HARTFORD LIFE & ACCIDENT INS. CO.,external,hours,high,Court decision — judicial ruling external to firm,,,,
scotus_2013-010_20131216_C,,C,2013-12-16,HEIMESHOFF v. HARTFORD LIFE & ACCIDENT INS. CO.,external,hours,high,Court decision — judicial ruling external to firm,,,,
vote_S_2010__20100322_AAL,,AAL,2010-03-22,H.R. 1586 (111th): FAA Air Transportation Modernization and Safety Improvement Act,external,days,high,Congressional vote — legislative action external to firm,,,,
vote_S_2010__20100322_DAL,,DAL,2010-03-22,H.R. 1586 (111th): FAA Air Transportation Modernization and Safety Improvement Act,external,days,high,Congressional vote — legislative action external to firm,,,,
vote_S_2010__20100322_UAL,,UAL,2010-03-22,H.R. 1586 (111th): FAA Air Transportation Modernization and Safety Improvement Act,external,days,high,Congressional vote — legislative action external to firm,,,,
vote_H_2020__20201203_TMO,,TMO,2020-12-03,"H.Res. 1244: Providing for consideration of the bill (H.R. 3884) to decriminalize and deschedule cannabis, to provide for reinvestment in certain persons adversely impacted by the War on Drugs, to provide for expungement of certain cannabis offenses, and",external,days,high,Congressional vote — legislative action external to firm,,,,
vote_H_2020__20201203_PG,,PG,2020-12-03,"H.Res. 1244: Providing for consideration of the bill (H.R. 3884) to decriminalize and deschedule cannabis, to provide for reinvestment in certain persons adversely impacted by the War on Drugs, to provide for expungement of certain cannabis offenses, and",external,days,high,Congressional vote — legislative action external to firm,,,,
vote_H_2020__20201203_DHR,,DHR,2020-12-03,"H.Res. 1244: Providing for consideration of the bill (H.R. 3884) to decriminalize and deschedule cannabis, to provide for reinvestment in certain persons adversely impacted by the War on Drugs, to provide for expungement of certain cannabis offenses, and",external,days,high,Congressional vote — legislative action external to firm,,,,
vote_H_2020__20201203_ELF,,ELF,2020-12-03,"H.Res. 1244: Providing for consideration of the bill (H.R. 3884) to decriminalize and deschedule cannabis, to provide for reinvestment in certain persons adversely impacted by the War on Drugs, to provide for expungement of certain cannabis offenses, and",external,days,high,Congressional vote — legislative action external to firm,,,,
vote_H_2020__20201203_EPC,,EPC,2020-12-03,"H.Res. 1244: Providing for consideration of the bill (H.R. 3884) to decriminalize and deschedule cannabis, to provide for reinvestment in certain persons adversely impacted by the War on Drugs, to provide for expungement of certain cannabis offenses, and",external,days,high,Congressional vote — legislative action external to firm,,,,
eo_14080_20220825_AAPL,,AAPL,2022-08-25,EO 14080: Implementation of the CHIPS Act of 2022,external,hours,high,Executive order — presidential action external to firm,,,,
eo_14080_20220825_META,,META,2022-08-25,EO 14080: Implementation of the CHIPS Act of 2022,external,hours,high,Executive order — presidential action external to firm,,,,
eo_14080_20220825_GOOGL,,GOOGL,2022-08-25,EO 14080: Implementation of the CHIPS Act of 2022,external,hours,high,Executive order — presidential action external to firm,,,,
eo_14080_20220825_MSFT,,MSFT,2022-08-25,EO 14080: Implementation of the CHIPS Act of 2022,external,hours,high,Executive order — presidential action external to firm,,,,
eo_14080_20220825_SNAP,,SNAP,2022-08-25,EO 14080: Implementation of the CHIPS Act of 2022,external,hours,high,Executive order — presidential action external to firm,,,,
eo_14080_20220825_TWLO,,TWLO,2022-08-25,EO 14080: Implementation of the CHIPS Act of 2022,external,hours,high,Executive order — presidential action external to firm,,,,
eo_14080_20220825_HPE,,HPE,2022-08-25,EO 14080: Implementation of the CHIPS Act of 2022,external,hours,high,Executive order — presidential action external to firm,,,,
eo_14080_20220825_ORCL,,ORCL,2022-08-25,EO 14080: Implementation of the CHIPS Act of 2022,external,hours,high,Executive order — presidential action external to firm,,,,
eo_14080_20220825_CHTR,,CHTR,2022-08-25,EO 14080: Implementation of the CHIPS Act of 2022,external,hours,high,Executive order — presidential action external to firm,,,,
eo_14080_20220825_DELL,,DELL,2022-08-25,EO 14080: Implementation of the CHIPS Act of 2022,external,hours,high,Executive order — presidential action external to firm,,,,
eo_14080_20220825_VZ,,VZ,2022-08-25,EO 14080: Implementation of the CHIPS Act of 2022,external,hours,high,Executive order — presidential action external to firm,,,,
eo_14080_20220825_T,,T,2022-08-25,EO 14080: Implementation of the CHIPS Act of 2022,external,hours,high,Executive order — presidential action external to firm,,,,
eo_14080_20220825_HPQ,,HPQ,2022-08-25,EO 14080: Implementation of the CHIPS Act of 2022,external,hours,high,Executive order — presidential action external to firm,,,,
vote_H_2022__20220622_TMO,,TMO,2022-06-22,H.R. 7666: Restoring Hope for Mental Health and Well-Being Act of 2022,external,days,high,Congressional vote — legislative action external to firm,,,,
vote_H_2022__20220622_PG,,PG,2022-06-22,H.R. 7666: Restoring Hope for Mental Health and Well-Being Act of 2022,external,days,high,Congressional vote — legislative action external to firm,,,,
vote_H_2022__20220622_DHR,,DHR,2022-06-22,H.R. 7666: Restoring Hope for Mental Health and Well-Being Act of 2022,external,days,high,Congressional vote — legislative action external to firm,,,,
vote_H_2022__20220622_ELF,,ELF,2022-06-22,H.R. 7666: Restoring Hope for Mental Health and Well-Being Act of 2022,external,days,high,Congressional vote — legislative action external to firm,,,,
vote_H_2022__20220622_EPC,,EPC,2022-06-22,H.R. 7666: Restoring Hope for Mental Health and Well-Being Act of 2022,external,days,high,Congressional vote — legislative action external to firm,,,,
vote_S_2025__20251217_IBM,,IBM,2025-12-17,S. 1071: National Defense Authorization Act for Fiscal Year 2026,external,days,high,Congressional vote — legislative action external to firm,,,,
vote_S_2025__20251217_GM,,GM,2025-12-17,S. 1071: National Defense Authorization Act for Fiscal Year 2026,external,days,high,Congressional vote — legislative action external to firm,,,,
vote_S_2025__20251217_TSLA,,TSLA,2025-12-17,S. 1071: National Defense Authorization Act for Fiscal Year 2026,external,days,high,Congressional vote — legislative action external to firm,,,,
vote_S_2025__20251217_CRM,,CRM,2025-12-17,S. 1071: National Defense Authorization Act for Fiscal Year 2026,external,days,high,Congressional vote — legislative action external to firm,,,,
vote_S_2025__20251217_ADBE,,ADBE,2025-12-17,S. 1071: National Defense Authorization Act for Fiscal Year 2026,external,days,high,Congressional vote — legislative action external to firm,,,,
vote_S_2025__20251217_BA,,BA,2025-12-17,S. 1071: National Defense Authorization Act for Fiscal Year 2026,external,days,high,Congressional vote — legislative action external to firm,,,,
vote_S_2025__20251217_LMT,,LMT,2025-12-17,S. 1071: National Defense Authorization Act for Fiscal Year 2026,external,days,high,Congressional vote — legislative action external to firm,,,,
vote_S_2025__20251217_F,,F,2025-12-17,S. 1071: National Defense Authorization Act for Fiscal Year 2026,external,days,high,Congressional vote — legislative action external to firm,,,,
vote_H_2005__20050620_TMO,,TMO,2005-06-20,"H.R. 2863 (109th): Department of Defense, Emergency Supplemental Appropriations to Address Hurricanes in the Gulf of Mexico, and Pandemic Influenza ...",external,days,high,Congressional vote — legislative action external to firm,,,,
vote_H_2005__20050620_DHR,,DHR,2005-06-20,"H.R. 2863 (109th): Department of Defense, Emergency Supplemental Appropriations to Address Hurricanes in the Gulf of Mexico, and Pandemic Influenza ...",external,days,high,Congressional vote — legislative action external to firm,,,,
vote_H_2005__20050620_PG,,PG,2005-06-20,"H.R. 2863 (109th): Department of Defense, Emergency Supplemental Appropriations to Address Hurricanes in the Gulf of Mexico, and Pandemic Influenza ...",external,days,high,Congressional vote — legislative action external to firm,,,,
vote_H_2005__20050620_EPC,,EPC,2005-06-20,"H.R. 2863 (109th): Department of Defense, Emergency Supplemental Appropriations to Address Hurricanes in the Gulf of Mexico, and Pandemic Influenza ...",external,days,high,Congressional vote — legislative action external to firm,,,,
vote_H_2006__20060523_TMO,,TMO,2006-05-23,"H.R. 5384 (109th): Agriculture, Rural Development, Food and Drug Administration, and Related Agencies Appropriations Act, 2007",external,days,high,Congressional vote — legislative action external to firm,,,,
vote_H_2006__20060523_DHR,,DHR,2006-05-23,"H.R. 5384 (109th): Agriculture, Rural Development, Food and Drug Administration, and Related Agencies Appropriations Act, 2007",external,days,high,Congressional vote — legislative action external to firm,,,,
vote_H_2006__20060523_PG,,PG,2006-05-23,"H.R. 5384 (109th): Agriculture, Rural Development, Food and Drug Administration, and Related Agencies Appropriations Act, 2007",external,days,high,Congressional vote — legislative action external to firm,,,,
vote_H_2006__20060523_EPC,,EPC,2006-05-23,"H.R. 5384 (109th): Agriculture, Rural Development, Food and Drug Administration, and Related Agencies Appropriations Act, 2007",external,days,high,Congressional vote — legislative action external to firm,,,,
vote_H_2023__20230928_IBM,,IBM,2023-09-28,"H.R. 4365 (118th): Department of Defense Appropriations Act, 2024",external,days,high,Congressional vote — legislative action external to firm,,,,
vote_H_2023__20230928_GM,,GM,2023-09-28,"H.R. 4365 (118th): Department of Defense Appropriations Act, 2024",external,days,high,Congressional vote — legislative action external to firm,,,,
vote_H_2023__20230928_TSLA,,TSLA,2023-09-28,"H.R. 4365 (118th): Department of Defense Appropriations Act, 2024",external,days,high,Congressional vote — legislative action external to firm,,,,
vote_H_2023__20230928_CRM,,CRM,2023-09-28,"H.R. 4365 (118th): Department of Defense Appropriations Act, 2024",external,days,high,Congressional vote — legislative action external to firm,,,,
vote_H_2023__20230928_ADBE,,ADBE,2023-09-28,"H.R. 4365 (118th): Department of Defense Appropriations Act, 2024",external,days,high,Congressional vote — legislative action external to firm,,,,
vote_H_2023__20230928_BA,,BA,2023-09-28,"H.R. 4365 (118th): Department of Defense Appropriations Act, 2024",external,days,high,Congressional vote — legislative action external to firm,,,,
vote_H_2023__20230928_LMT,,LMT,2023-09-28,"H.R. 4365 (118th): Department of Defense Appropriations Act, 2024",external,days,high,Congressional vote — legislative action external to firm,,,,
vote_H_2023__20230928_F,,F,2023-09-28,"H.R. 4365 (118th): Department of Defense Appropriations Act, 2024",external,days,high,Congressional vote — legislative action external to firm,,,,
vote_H_2017__20170113_IBM,,IBM,2017-01-13,S. 84: A bill to provide for an exception to a limitation against appointment of persons as Secretary of Defense within seven years of relief from active duty as a regular commissioned officer of the Armed Forces.,external,days,high,Congressional vote — legislative action external to firm,,,,
vote_H_2017__20170113_GM,,GM,2017-01-13,S. 84: A bill to provide for an exception to a limitation against appointment of persons as Secretary of Defense within seven years of relief from active duty as a regular commissioned officer of the Armed Forces.,external,days,high,Congressional vote — legislative action external to firm,,,,
vote_H_2017__20170113_TSLA,,TSLA,2017-01-13,S. 84: A bill to provide for an exception to a limitation against appointment of persons as Secretary of Defense within seven years of relief from active duty as a regular commissioned officer of the Armed Forces.,external,days,high,Congressional vote — legislative action external to firm,,,,
vote_H_2017__20170113_CRM,,CRM,2017-01-13,S. 84: A bill to provide for an exception to a limitation against appointment of persons as Secretary of Defense within seven years of relief from active duty as a regular commissioned officer of the Armed Forces.,external,days,high,Congressional vote — legislative action external to firm,,,,
vote_H_2017__20170113_ADBE,,ADBE,2017-01-13,S. 84: A bill to provide for an exception to a limitation against appointment of persons as Secretary of Defense within seven years of relief from active duty as a regular commissioned officer of the Armed Forces.,external,days,high,Congressional vote — legislative action external to firm,,,,
vote_H_2017__20170113_BA,,BA,2017-01-13,S. 84: A bill to provide for an exception to a limitation against appointment of persons as Secretary of Defense within seven years of relief from active duty as a regular commissioned officer of the Armed Forces.,external,days,high,Congressional vote — legislative action external to firm,,,,
vote_H_2017__20170113_LMT,,LMT,2017-01-13,S. 84: A bill to provide for an exception to a limitation against appointment of persons as Secretary of Defense within seven years of relief from active duty as a regular commissioned officer of the Armed Forces.,external,days,high,Congressional vote — legislative action external to firm,,,,
vote_H_2017__20170113_F,,F,2017-01-13,S. 84: A bill to provide for an exception to a limitation against appointment of persons as Secretary of Defense within seven years of relief from active duty as a regular commissioned officer of the Armed Forces.,external,days,high,Congressional vote — legislative action external to firm,,,,
vote_H_2004__20040518_TMO,,TMO,2004-05-18,H.Res. 645 (108th): Providing for consideration of the bill (H.R. 2728) to amend the Occupational Safety and Health Act of ...,external,days,high,Congressional vote — legislative action external to firm,,,,
vote_H_2004__20040518_DHR,,DHR,2004-05-18,H.Res. 645 (108th): Providing for consideration of the bill (H.R. 2728) to amend the Occupational Safety and Health Act of ...,external,days,high,Congressional vote — legislative action external to firm,,,,
vote_H_2004__20040518_PG,,PG,2004-05-18,H.Res. 645 (108th): Providing for consideration of the bill (H.R. 2728) to amend the Occupational Safety and Health Act of ...,external,days,high,Congressional vote — legislative action external to firm,,,,
vote_H_2004__20040518_EPC,,EPC,2004-05-18,H.Res. 645 (108th): Providing for consideration of the bill (H.R. 2728) to amend the Occupational Safety and Health Act of ...,external,days,high,Congressional vote — legislative action external to firm,,,,
vote_H_2009__20090715_CVX,,CVX,2009-07-15,H.Res. 645 (111th): Providing for consideration of the bill (H.R. 3183) making appropriations for energy and water development and related ...,external,days,high,Congressional vote — legislative action external to firm,,,,
eo_13349_20040723_MSFT,,MSFT,2004-07-23,EO 13349: Amending Executive Order 13226 To Designate the President's Council of Advisors on Science and Technology To Serve as the National Nanotechnology Advisory Panel,external,hours,high,Executive order — presidential action external to firm,,,,
eo_13349_20040723_AAPL,,AAPL,2004-07-23,EO 13349: Amending Executive Order 13226 To Designate the President's Council of Advisors on Science and Technology To Serve as the National Nanotechnology Advisory Panel,external,hours,high,Executive order — presidential action external to firm,,,,
eo_13349_20040723_CHTR,,CHTR,2004-07-23,EO 13349: Amending Executive Order 13226 To Designate the President's Council of Advisors on Science and Technology To Serve as the National Nanotechnology Advisory Panel,external,hours,high,Executive order — presidential action external to firm,,,,
eo_13349_20040723_T,,T,2004-07-23,EO 13349: Amending Executive Order 13226 To Designate the President's Council of Advisors on Science and Technology To Serve as the National Nanotechnology Advisory Panel,external,hours,high,Executive order — presidential action external to firm,,,,
eo_13349_20040723_VZ,,VZ,2004-07-23,EO 13349: Amending Executive Order 13226 To Designate the President's Council of Advisors on Science and Technology To Serve as the National Nanotechnology Advisory Panel,external,hours,high,Executive order — presidential action external to firm,,,,
eo_13349_20040723_HPQ,,HPQ,2004-07-23,EO 13349: Amending Executive Order 13226 To Designate the President's Council of Advisors on Science and Technology To Serve as the National Nanotechnology Advisory Panel,external,hours,high,Executive order — presidential action external to firm,,,,
vote_H_2013__20130710_CVX,,CVX,2013-07-10,"H.R. 2609 (113th): Energy and Water Development and Related Agencies Appropriations Act, 2014",external,days,high,Congressional vote — legislative action external to firm,,,,
vote_H_2013__20130710_XOM,,XOM,2013-07-10,"H.R. 2609 (113th): Energy and Water Development and Related Agencies Appropriations Act, 2014",external,days,high,Congressional vote — legislative action external to firm,,,,
eo_13800_20170511_AAPL,,AAPL,2017-05-11,EO 13800: Strengthening the Cybersecurity of Federal Networks and Critical Infrastructure,external,hours,high,Executive order — presidential action external to firm,,,,
eo_13800_20170511_META,,META,2017-05-11,EO 13800: Strengthening the Cybersecurity of Federal Networks and Critical Infrastructure,external,hours,high,Executive order — presidential action external to firm,,,,
eo_13800_20170511_GOOGL,,GOOGL,2017-05-11,EO 13800: Strengthening the Cybersecurity of Federal Networks and Critical Infrastructure,external,hours,high,Executive order — presidential action external to firm,,,,
eo_13800_20170511_MSFT,,MSFT,2017-05-11,EO 13800: Strengthening the Cybersecurity of Federal Networks and Critical Infrastructure,external,hours,high,Executive order — presidential action external to firm,,,,
eo_13800_20170511_SNAP,,SNAP,2017-05-11,EO 13800: Strengthening the Cybersecurity of Federal Networks and Critical Infrastructure,external,hours,high,Executive order — presidential action external to firm,,,,
eo_13800_20170511_TWLO,,TWLO,2017-05-11,EO 13800: Strengthening the Cybersecurity of Federal Networks and Critical Infrastructure,external,hours,high,Executive order — presidential action external to firm,,,,
eo_13800_20170511_HPE,,HPE,2017-05-11,EO 13800: Strengthening the Cybersecurity of Federal Networks and Critical Infrastructure,external,hours,high,Executive order — presidential action external to firm,,,,
eo_13800_20170511_ORCL,,ORCL,2017-05-11,EO 13800: Strengthening the Cybersecurity of Federal Networks and Critical Infrastructure,external,hours,high,Executive order — presidential action external to firm,,,,
eo_13800_20170511_CHTR,,CHTR,2017-05-11,EO 13800: Strengthening the Cybersecurity of Federal Networks and Critical Infrastructure,external,hours,high,Executive order — presidential action external to firm,,,,
eo_13800_20170511_DELL,,DELL,2017-05-11,EO 13800: Strengthening the Cybersecurity of Federal Networks and Critical Infrastructure,external,hours,high,Executive order — presidential action external to firm,,,,
eo_13800_20170511_VZ,,VZ,2017-05-11,EO 13800: Strengthening the Cybersecurity of Federal Networks and Critical Infrastructure,external,hours,high,Executive order — presidential action external to firm,,,,
eo_13800_20170511_T,,T,2017-05-11,EO 13800: Strengthening the Cybersecurity of Federal Networks and Critical Infrastructure,external,hours,high,Executive order — presidential action external to firm,,,,
eo_13800_20170511_HPQ,,HPQ,2017-05-11,EO 13800: Strengthening the Cybersecurity of Federal Networks and Critical Infrastructure,external,hours,high,Executive order — presidential action external to firm,,,,
scotus_2009-089_20100628_MET,,MET,2010-06-28,"BERNARD L. BILSKI AND RAND A. WARSAW v. DAVID J. KAPPOS, UNDER SECRETARY OF COMMERCE FOR INTELLECTUAL PROPERTY AND DIRECTOR, PATENT AND TRADEMARK OFFICE",external,hours,high,Court decision — judicial ruling external to firm,,,,
scotus_2009-089_20100628_MA,,MA,2010-06-28,"BERNARD L. BILSKI AND RAND A. WARSAW v. DAVID J. KAPPOS, UNDER SECRETARY OF COMMERCE FOR INTELLECTUAL PROPERTY AND DIRECTOR, PATENT AND TRADEMARK OFFICE",external,hours,high,Court decision — judicial ruling external to firm,,,,
scotus_2009-089_20100628_V,,V,2010-06-28,"BERNARD L. BILSKI AND RAND A. WARSAW v. DAVID J. KAPPOS, UNDER SECRETARY OF COMMERCE FOR INTELLECTUAL PROPERTY AND DIRECTOR, PATENT AND TRADEMARK OFFICE",external,hours,high,Court decision — judicial ruling external to firm,,,,
scotus_2009-089_20100628_JPM,,JPM,2010-06-28,"BERNARD L. BILSKI AND RAND A. WARSAW v. DAVID J. KAPPOS, UNDER SECRETARY OF COMMERCE FOR INTELLECTUAL PROPERTY AND DIRECTOR, PATENT AND TRADEMARK OFFICE",external,hours,high,Court decision — judicial ruling external to firm,,,,
scotus_2009-089_20100628_BAC,,BAC,2010-06-28,"BERNARD L. BILSKI AND RAND A. WARSAW v. DAVID J. KAPPOS, UNDER SECRETARY OF COMMERCE FOR INTELLECTUAL PROPERTY AND DIRECTOR, PATENT AND TRADEMARK OFFICE",external,hours,high,Court decision — judicial ruling external to firm,,,,
scotus_2009-089_20100628_AXP,,AXP,2010-06-28,"BERNARD L. BILSKI AND RAND A. WARSAW v. DAVID J. KAPPOS, UNDER SECRETARY OF COMMERCE FOR INTELLECTUAL PROPERTY AND DIRECTOR, PATENT AND TRADEMARK OFFICE",external,hours,high,Court decision — judicial ruling external to firm,,,,
scotus_2009-089_20100628_WFC,,WFC,2010-06-28,"BERNARD L. BILSKI AND RAND A. WARSAW v. DAVID J. KAPPOS, UNDER SECRETARY OF COMMERCE FOR INTELLECTUAL PROPERTY AND DIRECTOR, PATENT AND TRADEMARK OFFICE",external,hours,high,Court decision — judicial ruling external to firm,,,,
scotus_2009-089_20100628_C,,C,2010-06-28,"BERNARD L. BILSKI AND RAND A. WARSAW v. DAVID J. KAPPOS, UNDER SECRETARY OF COMMERCE FOR INTELLECTUAL PROPERTY AND DIRECTOR, PATENT AND TRADEMARK OFFICE",external,hours,high,Court decision — judicial ruling external to firm,,,,
scotus_2003-047_20040331_MET,,MET,2004-03-31,"BEDROC LIMITED, LLC, AND WESTERN ELITE, INC. v. UNITED STATES et al.",external,hours,high,Court decision — judicial ruling external to firm,,,,
scotus_2003-047_20040331_WFC,,WFC,2004-03-31,"BEDROC LIMITED, LLC, AND WESTERN ELITE, INC. v. UNITED STATES et al.",external,hours,high,Court decision — judicial ruling external to firm,,,,
scotus_2003-047_20040331_JPM,,JPM,2004-03-31,"BEDROC LIMITED, LLC, AND WESTERN ELITE, INC. v. UNITED STATES et al.",external,hours,high,Court decision — judicial ruling external to firm,,,,
scotus_2003-047_20040331_AXP,,AXP,2004-03-31,"BEDROC LIMITED, LLC, AND WESTERN ELITE, INC. v. UNITED STATES et al.",external,hours,high,Court decision — judicial ruling external to firm,,,,
scotus_2003-047_20040331_BAC,,BAC,2004-03-31,"BEDROC LIMITED, LLC, AND WESTERN ELITE, INC. v. UNITED STATES et al.",external,hours,high,Court decision — judicial ruling external to firm,,,,
scotus_2003-047_20040331_C,,C,2004-03-31,"BEDROC LIMITED, LLC, AND WESTERN ELITE, INC. v. UNITED STATES et al.",external,hours,high,Court decision — judicial ruling external to firm,,,,
vote_H_2020__20200128_MET,,MET,2020-01-28,"H.Res. 811: Providing for consideration of the bill (H.R. 3621) to amend the Fair Credit Reporting Act to remove adverse information for certain defaulted or delinquent private education loan borrowers who demonstrate a history of loan repayment, and for",external,days,high,Congressional vote — legislative action external to firm,,,,
vote_H_2020__20200128_MA,,MA,2020-01-28,"H.Res. 811: Providing for consideration of the bill (H.R. 3621) to amend the Fair Credit Reporting Act to remove adverse information for certain defaulted or delinquent private education loan borrowers who demonstrate a history of loan repayment, and for",external,days,high,Congressional vote — legislative action external to firm,,,,
vote_H_2020__20200128_V,,V,2020-01-28,"H.Res. 811: Providing for consideration of the bill (H.R. 3621) to amend the Fair Credit Reporting Act to remove adverse information for certain defaulted or delinquent private education loan borrowers who demonstrate a history of loan repayment, and for",external,days,high,Congressional vote — legislative action external to firm,,,,
vote_H_2020__20200128_UBS,,UBS,2020-01-28,"H.Res. 811: Providing for consideration of the bill (H.R. 3621) to amend the Fair Credit Reporting Act to remove adverse information for certain defaulted or delinquent private education loan borrowers who demonstrate a history of loan repayment, and for",external,days,high,Congressional vote — legislative action external to firm,,,,
vote_H_2020__20200128_JPM,,JPM,2020-01-28,"H.Res. 811: Providing for consideration of the bill (H.R. 3621) to amend the Fair Credit Reporting Act to remove adverse information for certain defaulted or delinquent private education loan borrowers who demonstrate a history of loan repayment, and for",external,days,high,Congressional vote — legislative action external to firm,,,,
vote_H_2020__20200128_BAC,,BAC,2020-01-28,"H.Res. 811: Providing for consideration of the bill (H.R. 3621) to amend the Fair Credit Reporting Act to remove adverse information for certain defaulted or delinquent private education loan borrowers who demonstrate a history of loan repayment, and for",external,days,high,Congressional vote — legislative action external to firm,,,,
vote_H_2020__20200128_AXP,,AXP,2020-01-28,"H.Res. 811: Providing for consideration of the bill (H.R. 3621) to amend the Fair Credit Reporting Act to remove adverse information for certain defaulted or delinquent private education loan borrowers who demonstrate a history of loan repayment, and for",external,days,high,Congressional vote — legislative action external to firm,,,,
vote_H_2020__20200128_WFC,,WFC,2020-01-28,"H.Res. 811: Providing for consideration of the bill (H.R. 3621) to amend the Fair Credit Reporting Act to remove adverse information for certain defaulted or delinquent private education loan borrowers who demonstrate a history of loan repayment, and for",external,days,high,Congressional vote — legislative action external to firm,,,,
vote_H_2020__20200128_PYPL,,PYPL,2020-01-28,"H.Res. 811: Providing for consideration of the bill (H.R. 3621) to amend the Fair Credit Reporting Act to remove adverse information for certain defaulted or delinquent private education loan borrowers who demonstrate a history of loan repayment, and for",external,days,high,Congressional vote — legislative action external to firm,,,,
vote_H_2020__20200128_C,,C,2020-01-28,"H.Res. 811: Providing for consideration of the bill (H.R. 3621) to amend the Fair Credit Reporting Act to remove adverse information for certain defaulted or delinquent private education loan borrowers who demonstrate a history of loan repayment, and for",external,days,high,Congressional vote — legislative action external to firm,,,,
vote_H_2018__20180425_AAL,,AAL,2018-04-25,"H.Res. 839: Providing for consideration of the bill (H.R. 4) to reauthorize programs of the Federal Aviation Administration, and for other purposes; providing for consideration of the bill (H.R. 3144) to provide for operations of the Federal Columbia Riv",external,days,high,Congressional vote — legislative action external to firm,,,,
vote_H_2018__20180425_DAL,,DAL,2018-04-25,"H.Res. 839: Providing for consideration of the bill (H.R. 4) to reauthorize programs of the Federal Aviation Administration, and for other purposes; providing for consideration of the bill (H.R. 3144) to provide for operations of the Federal Columbia Riv",external,days,high,Congressional vote — legislative action external to firm,,,,
vote_H_2018__20180425_UAL,,UAL,2018-04-25,"H.Res. 839: Providing for consideration of the bill (H.R. 4) to reauthorize programs of the Federal Aviation Administration, and for other purposes; providing for consideration of the bill (H.R. 3144) to provide for operations of the Federal Columbia Riv",external,days,high,Congressional vote — legislative action external to firm,,,,
vote_H_2008__20080507_MA,,MA,2008-05-07,H.Res. 1174 (110th): Providing for consideration of the bill (H.R. 5818) to authorize the Secretary of Housing and Urban Development ...,external,days,high,Congressional vote — legislative action external to firm,,,,
vote_H_2008__20080507_V,,V,2008-05-07,H.Res. 1174 (110th): Providing for consideration of the bill (H.R. 5818) to authorize the Secretary of Housing and Urban Development ...,external,days,high,Congressional vote — legislative action external to firm,,,,
vote_H_2008__20080507_JPM,,JPM,2008-05-07,H.Res. 1174 (110th): Providing for consideration of the bill (H.R. 5818) to authorize the Secretary of Housing and Urban Development ...,external,days,high,Congressional vote — legislative action external to firm,,,,
vote_H_2008__20080507_BAC,,BAC,2008-05-07,H.Res. 1174 (110th): Providing for consideration of the bill (H.R. 5818) to authorize the Secretary of Housing and Urban Development ...,external,days,high,Congressional vote — legislative action external to firm,,,,
vote_H_2008__20080507_AXP,,AXP,2008-05-07,H.Res. 1174 (110th): Providing for consideration of the bill (H.R. 5818) to authorize the Secretary of Housing and Urban Development ...,external,days,high,Congressional vote — legislative action external to firm,,,,
vote_H_2008__20080507_WFC,,WFC,2008-05-07,H.Res. 1174 (110th): Providing for consideration of the bill (H.R. 5818) to authorize the Secretary of Housing and Urban Development ...,external,days,high,Congressional vote — legislative action external to firm,,,,
vote_H_2008__20080507_C,,C,2008-05-07,H.Res. 1174 (110th): Providing for consideration of the bill (H.R. 5818) to authorize the Secretary of Housing and Urban Development ...,external,days,high,Congressional vote — legislative action external to firm,,,,
vote_H_2013__20130920_TMO,,TMO,2013-09-20,H.R. 1526 (113th): Restoring Healthy Forests for Healthy Communities Act,external,days,high,Congressional vote — legislative action external to firm,,,,
vote_H_2013__20130920_PG,,PG,2013-09-20,H.R. 1526 (113th): Restoring Healthy Forests for Healthy Communities Act,external,days,high,Congressional vote — legislative action external to firm,,,,
vote_H_2013__20130920_DHR,,DHR,2013-09-20,H.R. 1526 (113th): Restoring Healthy Forests for Healthy Communities Act,external,days,high,Congressional vote — legislative action external to firm,,,,
vote_H_2013__20130920_EPC,,EPC,2013-09-20,H.R. 1526 (113th): Restoring Healthy Forests for Healthy Communities Act,external,days,high,Congressional vote — legislative action external to firm,,,,
vote_H_2007__20070627_MET,,MET,2007-06-27,H.Res. 517 (110th): Providing for consideration of the bill (H.R. 2829) making appropriations for financial services and general government for ...,external,days,high,Congressional vote — legislative action external to firm,,,,
vote_H_2007__20070627_MA,,MA,2007-06-27,H.Res. 517 (110th): Providing for consideration of the bill (H.R. 2829) making appropriations for financial services and general government for ...,external,days,high,Congressional vote — legislative action external to firm,,,,
vote_H_2007__20070627_WFC,,WFC,2007-06-27,H.Res. 517 (110th): Providing for consideration of the bill (H.R. 2829) making appropriations for financial services and general government for ...,external,days,high,Congressional vote — legislative action external to firm,,,,
vote_H_2007__20070627_JPM,,JPM,2007-06-27,H.Res. 517 (110th): Providing for consideration of the bill (H.R. 2829) making appropriations for financial services and general government for ...,external,days,high,Congressional vote — legislative action external to firm,,,,
vote_H_2007__20070627_AXP,,AXP,2007-06-27,H.Res. 517 (110th): Providing for consideration of the bill (H.R. 2829) making appropriations for financial services and general government for ...,external,days,high,Congressional vote — legislative action external to firm,,,,
vote_H_2007__20070627_BAC,,BAC,2007-06-27,H.Res. 517 (110th): Providing for consideration of the bill (H.R. 2829) making appropriations for financial services and general government for ...,external,days,high,Congressional vote — legislative action external to firm,,,,
vote_H_2007__20070627_C,,C,2007-06-27,H.Res. 517 (110th): Providing for consideration of the bill (H.R. 2829) making appropriations for financial services and general government for ...,external,days,high,Congressional vote — legislative action external to firm,,,,
scotus_2019-029_20200427_MET,,MET,2020-04-27,MAINE COMMUNITY HEALTH OPTIONS v. UNITED STATES,external,hours,high,Court decision — judicial ruling external to firm,,,,
scotus_2019-029_20200427_MA,,MA,2020-04-27,MAINE COMMUNITY HEALTH OPTIONS v. UNITED STATES,external,hours,high,Court decision — judicial ruling external to firm,,,,
scotus_2019-029_20200427_V,,V,2020-04-27,MAINE COMMUNITY HEALTH OPTIONS v. UNITED STATES,external,hours,high,Court decision — judicial ruling external to firm,,,,
scotus_2019-029_20200427_UBS,,UBS,2020-04-27,MAINE COMMUNITY HEALTH OPTIONS v. UNITED STATES,external,hours,high,Court decision — judicial ruling external to firm,,,,
scotus_2019-029_20200427_JPM,,JPM,2020-04-27,MAINE COMMUNITY HEALTH OPTIONS v. UNITED STATES,external,hours,high,Court decision — judicial ruling external to firm,,,,
scotus_2019-029_20200427_BAC,,BAC,2020-04-27,MAINE COMMUNITY HEALTH OPTIONS v. UNITED STATES,external,hours,high,Court decision — judicial ruling external to firm,,,,
scotus_2019-029_20200427_AXP,,AXP,2020-04-27,MAINE COMMUNITY HEALTH OPTIONS v. UNITED STATES,external,hours,high,Court decision — judicial ruling external to firm,,,,
scotus_2019-029_20200427_WFC,,WFC,2020-04-27,MAINE COMMUNITY HEALTH OPTIONS v. UNITED STATES,external,hours,high,Court decision — judicial ruling external to firm,,,,
scotus_2019-029_20200427_PYPL,,PYPL,2020-04-27,MAINE COMMUNITY HEALTH OPTIONS v. UNITED STATES,external,hours,high,Court decision — judicial ruling external to firm,,,,
scotus_2019-029_20200427_C,,C,2020-04-27,MAINE COMMUNITY HEALTH OPTIONS v. UNITED STATES,external,hours,high,Court decision — judicial ruling external to firm,,,,
vote_S_2023__20230517_IBM,,IBM,2023-05-17,S.J.Res. 18 (118th): A joint resolution disapproving of the rule submitted by the Department of Homeland Security relating to “Public Charge Ground of Inadmissibility”.,external,days,high,Congressional vote — legislative action external to firm,,,,
vote_S_2023__20230517_GM,,GM,2023-05-17,S.J.Res. 18 (118th): A joint resolution disapproving of the rule submitted by the Department of Homeland Security relating to “Public Charge Ground of Inadmissibility”.,external,days,high,Congressional vote — legislative action external to firm,,,,
vote_S_2023__20230517_TSLA,,TSLA,2023-05-17,S.J.Res. 18 (118th): A joint resolution disapproving of the rule submitted by the Department of Homeland Security relating to “Public Charge Ground of Inadmissibility”.,external,days,high,Congressional vote — legislative action external to firm,,,,
vote_S_2023__20230517_CRM,,CRM,2023-05-17,S.J.Res. 18 (118th): A joint resolution disapproving of the rule submitted by the Department of Homeland Security relating to “Public Charge Ground of Inadmissibility”.,external,days,high,Congressional vote — legislative action external to firm,,,,
vote_S_2023__20230517_ADBE,,ADBE,2023-05-17,S.J.Res. 18 (118th): A joint resolution disapproving of the rule submitted by the Department of Homeland Security relating to “Public Charge Ground of Inadmissibility”.,external,days,high,Congressional vote — legislative action external to firm,,,,
vote_S_2023__20230517_BA,,BA,2023-05-17,S.J.Res. 18 (118th): A joint resolution disapproving of the rule submitted by the Department of Homeland Security relating to “Public Charge Ground of Inadmissibility”.,external,days,high,Congressional vote — legislative action external to firm,,,,
vote_S_2023__20230517_LMT,,LMT,2023-05-17,S.J.Res. 18 (118th): A joint resolution disapproving of the rule submitted by the Department of Homeland Security relating to “Public Charge Ground of Inadmissibility”.,external,days,high,Congressional vote — legislative action external to firm,,,,
vote_S_2023__20230517_F,,F,2023-05-17,S.J.Res. 18 (118th): A joint resolution disapproving of the rule submitted by the Department of Homeland Security relating to “Public Charge Ground of Inadmissibility”.,external,days,high,Congressional vote — legislative action external to firm,,,,
vote_H_2007__20070524_IBM,,IBM,2007-05-24,"H.R. 2206 (110th): U.S. Troop Readiness, Veterans’ Care, Katrina Recovery, and Iraq Accountability Appropriations Act, 2007",external,days,high,Congressional vote — legislative action external to firm,,,,
vote_H_2007__20070524_LMT,,LMT,2007-05-24,"H.R. 2206 (110th): U.S. Troop Readiness, Veterans’ Care, Katrina Recovery, and Iraq Accountability Appropriations Act, 2007",external,days,high,Congressional vote — legislative action external to firm,,,,
vote_H_2007__20070524_CRM,,CRM,2007-05-24,"H.R. 2206 (110th): U.S. Troop Readiness, Veterans’ Care, Katrina Recovery, and Iraq Accountability Appropriations Act, 2007",external,days,high,Congressional vote — legislative action external to firm,,,,
vote_H_2007__20070524_ADBE,,ADBE,2007-05-24,"H.R. 2206 (110th): U.S. Troop Readiness, Veterans’ Care, Katrina Recovery, and Iraq Accountability Appropriations Act, 2007",external,days,high,Congressional vote — legislative action external to firm,,,,
vote_H_2007__20070524_BA,,BA,2007-05-24,"H.R. 2206 (110th): U.S. Troop Readiness, Veterans’ Care, Katrina Recovery, and Iraq Accountability Appropriations Act, 2007",external,days,high,Congressional vote — legislative action external to firm,,,,
vote_H_2007__20070524_F,,F,2007-05-24,"H.R. 2206 (110th): U.S. Troop Readiness, Veterans’ Care, Katrina Recovery, and Iraq Accountability Appropriations Act, 2007",external,days,high,Congressional vote — legislative action external to firm,,,,
scotus_2017-058_20180622_MET,,MET,2018-06-22,WESTERNGECO LLC v. ION GEOPHYSICAL CORP.,external,hours,high,Court decision — judicial ruling external to firm,,,,
scotus_2017-058_20180622_MA,,MA,2018-06-22,WESTERNGECO LLC v. ION GEOPHYSICAL CORP.,external,hours,high,Court decision — judicial ruling external to firm,,,,
scotus_2017-058_20180622_V,,V,2018-06-22,WESTERNGECO LLC v. ION GEOPHYSICAL CORP.,external,hours,high,Court decision — judicial ruling external to firm,,,,
scotus_2017-058_20180622_UBS,,UBS,2018-06-22,WESTERNGECO LLC v. ION GEOPHYSICAL CORP.,external,hours,high,Court decision — judicial ruling external to firm,,,,
scotus_2017-058_20180622_JPM,,JPM,2018-06-22,WESTERNGECO LLC v. ION GEOPHYSICAL CORP.,external,hours,high,Court decision — judicial ruling external to firm,,,,
scotus_2017-058_20180622_BAC,,BAC,2018-06-22,WESTERNGECO LLC v. ION GEOPHYSICAL CORP.,external,hours,high,Court decision — judicial ruling external to firm,,,,
scotus_2017-058_20180622_AXP,,AXP,2018-06-22,WESTERNGECO LLC v. ION GEOPHYSICAL CORP.,external,hours,high,Court decision — judicial ruling external to firm,,,,
scotus_2017-058_20180622_WFC,,WFC,2018-06-22,WESTERNGECO LLC v. ION GEOPHYSICAL CORP.,external,hours,high,Court decision — judicial ruling external to firm,,,,
scotus_2017-058_20180622_PYPL,,PYPL,2018-06-22,WESTERNGECO LLC v. ION GEOPHYSICAL CORP.,external,hours,high,Court decision — judicial ruling external to firm,,,,
scotus_2017-058_20180622_C,,C,2018-06-22,WESTERNGECO LLC v. ION GEOPHYSICAL CORP.,external,hours,high,Court decision — judicial ruling external to firm,,,,
scotus_2012-042_20130513_MET,,MET,2013-05-13,"RANDY CURTIS BULLOCK, PETITIONER v. BANKCHAMPAIGN, N. A.",external,hours,high,Court decision — judicial ruling external to firm,,,,
scotus_2012-042_20130513_MA,,MA,2013-05-13,"RANDY CURTIS BULLOCK, PETITIONER v. BANKCHAMPAIGN, N. A.",external,hours,high,Court decision — judicial ruling external to firm,,,,
scotus_2012-042_20130513_V,,V,2013-05-13,"RANDY CURTIS BULLOCK, PETITIONER v. BANKCHAMPAIGN, N. A.",external,hours,high,Court decision — judicial ruling external to firm,,,,
scotus_2012-042_20130513_JPM,,JPM,2013-05-13,"RANDY CURTIS BULLOCK, PETITIONER v. BANKCHAMPAIGN, N. A.",external,hours,high,Court decision — judicial ruling external to firm,,,,
scotus_2012-042_20130513_BAC,,BAC,2013-05-13,"RANDY CURTIS BULLOCK, PETITIONER v. BANKCHAMPAIGN, N. A.",external,hours,high,Court decision — judicial ruling external to firm,,,,
scotus_2012-042_20130513_AXP,,AXP,2013-05-13,"RANDY CURTIS BULLOCK, PETITIONER v. BANKCHAMPAIGN, N. A.",external,hours,high,Court decision — judicial ruling external to firm,,,,
scotus_2012-042_20130513_WFC,,WFC,2013-05-13,"RANDY CURTIS BULLOCK, PETITIONER v. BANKCHAMPAIGN, N. A.",external,hours,high,Court decision — judicial ruling external to firm,,,,
scotus_2012-042_20130513_C,,C,2013-05-13,"RANDY CURTIS BULLOCK, PETITIONER v. BANKCHAMPAIGN, N. A.",external,hours,high,Court decision — judicial ruling external to firm,,,,
vote_H_2009__20090428_AAL,,AAL,2009-04-28,H.Res. 371 (111th): Providing for consideration of the conference report to accompany the concurrent resolution (S. Con. Res. 13) setting ...,external,days,high,Congressional vote — legislative action external to firm,,,,
vote_H_2009__20090428_DAL,,DAL,2009-04-28,H.Res. 371 (111th): Providing for consideration of the conference report to accompany the concurrent resolution (S. Con. Res. 13) setting ...,external,days,high,Congressional vote — legislative action external to firm,,,,
vote_H_2009__20090428_UAL,,UAL,2009-04-28,H.Res. 371 (111th): Providing for consideration of the conference report to accompany the concurrent resolution (S. Con. Res. 13) setting ...,external,days,high,Congressional vote — legislative action external to firm,,,,
vote_S_2025__20250226_CVX,,CVX,2025-02-26,S.J.Res. 10: A joint resolution terminating the national emergency declared with respect to energy.,external,days,high,Congressional vote — legislative action external to firm,,,,
vote_S_2025__20250226_XOM,,XOM,2025-02-26,S.J.Res. 10: A joint resolution terminating the national emergency declared with respect to energy.,external,days,high,Congressional vote — legislative action external to firm,,,,
vote_H_2018__20180725_TMO,,TMO,2018-07-25,H.R. 6311: To amend the Internal Revenue Code of 1986 and the Patient Protection and Affordable Care Act to modify the definition of qualified health plan for purposes of the health insurance premium tax credit and to allow individuals purchasing health ,external,days,high,Congressional vote — legislative action external to firm,,,,
vote_H_2018__20180725_PG,,PG,2018-07-25,H.R. 6311: To amend the Internal Revenue Code of 1986 and the Patient Protection and Affordable Care Act to modify the definition of qualified health plan for purposes of the health insurance premium tax credit and to allow individuals purchasing health ,external,days,high,Congressional vote — legislative action external to firm,,,,
vote_H_2018__20180725_DHR,,DHR,2018-07-25,H.R. 6311: To amend the Internal Revenue Code of 1986 and the Patient Protection and Affordable Care Act to modify the definition of qualified health plan for purposes of the health insurance premium tax credit and to allow individuals purchasing health ,external,days,high,Congressional vote — legislative action external to firm,,,,
vote_H_2018__20180725_ELF,,ELF,2018-07-25,H.R. 6311: To amend the Internal Revenue Code of 1986 and the Patient Protection and Affordable Care Act to modify the definition of qualified health plan for purposes of the health insurance premium tax credit and to allow individuals purchasing health ,external,days,high,Congressional vote — legislative action external to firm,,,,
vote_H_2018__20180725_EPC,,EPC,2018-07-25,H.R. 6311: To amend the Internal Revenue Code of 1986 and the Patient Protection and Affordable Care Act to modify the definition of qualified health plan for purposes of the health insurance premium tax credit and to allow individuals purchasing health ,external,days,high,Congressional vote — legislative action external to firm,,,,
scotus_2021-048_20220608_MET,,MET,2022-06-08,EGBERT v. BOULE,external,hours,high,Court decision — judicial ruling external to firm,,,,
scotus_2021-048_20220608_MA,,MA,2022-06-08,EGBERT v. BOULE,external,hours,high,Court decision — judicial ruling external to firm,,,,
scotus_2021-048_20220608_V,,V,2022-06-08,EGBERT v. BOULE,external,hours,high,Court decision — judicial ruling external to firm,,,,
scotus_2021-048_20220608_JPM,,JPM,2022-06-08,EGBERT v. BOULE,external,hours,high,Court decision — judicial ruling external to firm,,,,
scotus_2021-048_20220608_BAC,,BAC,2022-06-08,EGBERT v. BOULE,external,hours,high,Court decision — judicial ruling external to firm,,,,
scotus_2021-048_20220608_AXP,,AXP,2022-06-08,EGBERT v. BOULE,external,hours,high,Court decision — judicial ruling external to firm,,,,
scotus_2021-048_20220608_WFC,,WFC,2022-06-08,EGBERT v. BOULE,external,hours,high,Court decision — judicial ruling external to firm,,,,
scotus_2021-048_20220608_PYPL,,PYPL,2022-06-08,EGBERT v. BOULE,external,hours,high,Court decision — judicial ruling external to firm,,,,
scotus_2021-048_20220608_C,,C,2022-06-08,EGBERT v. BOULE,external,hours,high,Court decision — judicial ruling external to firm,,,,
vote_H_2013__20131119_CVX,,CVX,2013-11-19,"H.Res. 419 (113th): Providing for consideration of the bill (H.R. 1965) to streamline and ensure onshore energy permitting, provide for ...",external,days,high,Congressional vote — legislative action external to firm,,,,
vote_H_2013__20131119_XOM,,XOM,2013-11-19,"H.Res. 419 (113th): Providing for consideration of the bill (H.R. 1965) to streamline and ensure onshore energy permitting, provide for ...",external,days,high,Congressional vote — legislative action external to firm,,,,
eo_13451_20071119_CVX,,CVX,2007-11-19,"EO 13451: Designating the ITER International Fusion Energy Organization as a Public International Organization Entitled To Enjoy Certain Privileges, Exemptions, and Immunities",external,hours,high,Executive order — presidential action external to firm,,,,
eo_13439_20070718_AAL,,AAL,2007-07-18,EO 13439: Establishing an Interagency Working Group on Import Safety,external,hours,high,Executive order — presidential action external to firm,,,,
eo_13439_20070718_DAL,,DAL,2007-07-18,EO 13439: Establishing an Interagency Working Group on Import Safety,external,hours,high,Executive order — presidential action external to firm,,,,
eo_13439_20070718_UAL,,UAL,2007-07-18,EO 13439: Establishing an Interagency Working Group on Import Safety,external,hours,high,Executive order — presidential action external to firm,,,,
vote_H_2006__20060726_CVX,,CVX,2006-07-26,H.R. 5682 (109th): Henry J. Hyde United States and India Nuclear Cooperation Promotion Act of 2006,external,days,high,Congressional vote — legislative action external to firm,,,,
vote_S_2022__20220407_CVX,,CVX,2022-04-07,H.R. 6968: Ending Importation of Russian Oil Act,external,days,high,Congressional vote — legislative action external to firm,,,,
vote_S_2022__20220407_XOM,,XOM,2022-04-07,H.R. 6968: Ending Importation of Russian Oil Act,external,days,high,Congressional vote — legislative action external to firm,,,,
vote_H_2025__20250226_CVX,,CVX,2025-02-26,"H.J.Res. 35: Providing for congressional disapproval under chapter 8 of title 5, United States Code, of the rule submitted by the Environmental Protection Agency relating to “Waste Emissions Charge for Petroleum and Natural Gas Systems: Procedures for Fa",external,days,high,Congressional vote — legislative action external to firm,,,,
vote_H_2025__20250226_XOM,,XOM,2025-02-26,"H.J.Res. 35: Providing for congressional disapproval under chapter 8 of title 5, United States Code, of the rule submitted by the Environmental Protection Agency relating to “Waste Emissions Charge for Petroleum and Natural Gas Systems: Procedures for Fa",external,days,high,Congressional vote — legislative action external to firm,,,,
vote_S_2025__20250327_MET,,MET,2025-03-27,S.J.Res. 18: A joint resolution disapproving the rule submitted by the Bureau of Consumer Financial Protection relating to “Overdraft Lending: Very Large Financial Institutions”.,external,days,high,Congressional vote — legislative action external to firm,,,,
vote_S_2025__20250327_MA,,MA,2025-03-27,S.J.Res. 18: A joint resolution disapproving the rule submitted by the Bureau of Consumer Financial Protection relating to “Overdraft Lending: Very Large Financial Institutions”.,external,days,high,Congressional vote — legislative action external to firm,,,,
vote_S_2025__20250327_V,,V,2025-03-27,S.J.Res. 18: A joint resolution disapproving the rule submitted by the Bureau of Consumer Financial Protection relating to “Overdraft Lending: Very Large Financial Institutions”.,external,days,high,Congressional vote — legislative action external to firm,,,,
vote_S_2025__20250327_JPM,,JPM,2025-03-27,S.J.Res. 18: A joint resolution disapproving the rule submitted by the Bureau of Consumer Financial Protection relating to “Overdraft Lending: Very Large Financial Institutions”.,external,days,high,Congressional vote — legislative action external to firm,,,,
vote_S_2025__20250327_BAC,,BAC,2025-03-27,S.J.Res. 18: A joint resolution disapproving the rule submitted by the Bureau of Consumer Financial Protection relating to “Overdraft Lending: Very Large Financial Institutions”.,external,days,high,Congressional vote — legislative action external to firm,,,,
vote_S_2025__20250327_AXP,,AXP,2025-03-27,S.J.Res. 18: A joint resolution disapproving the rule submitted by the Bureau of Consumer Financial Protection relating to “Overdraft Lending: Very Large Financial Institutions”.,external,days,high,Congressional vote — legislative action external to firm,,,,
vote_S_2025__20250327_WFC,,WFC,2025-03-27,S.J.Res. 18: A joint resolution disapproving the rule submitted by the Bureau of Consumer Financial Protection relating to “Overdraft Lending: Very Large Financial Institutions”.,external,days,high,Congressional vote — legislative action external to firm,,,,
vote_S_2025__20250327_PYPL,,PYPL,2025-03-27,S.J.Res. 18: A joint resolution disapproving the rule submitted by the Bureau of Consumer Financial Protection relating to “Overdraft Lending: Very Large Financial Institutions”.,external,days,high,Congressional vote — legislative action external to firm,,,,
vote_S_2025__20250327_C,,C,2025-03-27,S.J.Res. 18: A joint resolution disapproving the rule submitted by the Bureau of Consumer Financial Protection relating to “Overdraft Lending: Very Large Financial Institutions”.,external,days,high,Congressional vote — legislative action external to firm,,,,
scotus_2008-080_20090625_MET,,MET,2009-06-25,"ATLANTIC SOUNDING CO., INC., et al. v. EDGAR L. TOWNSEND",external,hours,high,Court decision — judicial ruling external to firm,,,,
scotus_2008-080_20090625_MA,,MA,2009-06-25,"ATLANTIC SOUNDING CO., INC., et al. v. EDGAR L. TOWNSEND",external,hours,high,Court decision — judicial ruling external to firm,,,,
scotus_2008-080_20090625_V,,V,2009-06-25,"ATLANTIC SOUNDING CO., INC., et al. v. EDGAR L. TOWNSEND",external,hours,high,Court decision — judicial ruling external to firm,,,,
scotus_2008-080_20090625_JPM,,JPM,2009-06-25,"ATLANTIC SOUNDING CO., INC., et al. v. EDGAR L. TOWNSEND",external,hours,high,Court decision — judicial ruling external to firm,,,,
scotus_2008-080_20090625_BAC,,BAC,2009-06-25,"ATLANTIC SOUNDING CO., INC., et al. v. EDGAR L. TOWNSEND",external,hours,high,Court decision — judicial ruling external to firm,,,,
scotus_2008-080_20090625_AXP,,AXP,2009-06-25,"ATLANTIC SOUNDING CO., INC., et al. v. EDGAR L. TOWNSEND",external,hours,high,Court decision — judicial ruling external to firm,,,,
scotus_2008-080_20090625_WFC,,WFC,2009-06-25,"ATLANTIC SOUNDING CO., INC., et al. v. EDGAR L. TOWNSEND",external,hours,high,Court decision — judicial ruling external to firm,,,,
scotus_2008-080_20090625_C,,C,2009-06-25,"ATLANTIC SOUNDING CO., INC., et al. v. EDGAR L. TOWNSEND",external,hours,high,Court decision — judicial ruling external to firm,,,,
scotus_2003-067_20040607_MET,,MET,2004-06-07,"DEPARTMENT OF TRANSPORTATION, et al. v. PUBLIC CITIZEN et al.",external,hours,high,Court decision — judicial ruling external to firm,,,,
scotus_2003-067_20040607_WFC,,WFC,2004-06-07,"DEPARTMENT OF TRANSPORTATION, et al. v. PUBLIC CITIZEN et al.",external,hours,high,Court decision — judicial ruling external to firm,,,,
scotus_2003-067_20040607_JPM,,JPM,2004-06-07,"DEPARTMENT OF TRANSPORTATION, et al. v. PUBLIC CITIZEN et al.",external,hours,high,Court decision — judicial ruling external to firm,,,,
scotus_2003-067_20040607_AXP,,AXP,2004-06-07,"DEPARTMENT OF TRANSPORTATION, et al. v. PUBLIC CITIZEN et al.",external,hours,high,Court decision — judicial ruling external to firm,,,,
scotus_2003-067_20040607_BAC,,BAC,2004-06-07,"DEPARTMENT OF TRANSPORTATION, et al. v. PUBLIC CITIZEN et al.",external,hours,high,Court decision — judicial ruling external to firm,,,,
scotus_2003-067_20040607_C,,C,2004-06-07,"DEPARTMENT OF TRANSPORTATION, et al. v. PUBLIC CITIZEN et al.",external,hours,high,Court decision — judicial ruling external to firm,,,,
vote_H_2006__20060726_CVX,,CVX,2006-07-26,H.R. 5682 (109th): Henry J. Hyde United States and India Nuclear Cooperation Promotion Act of 2006,external,days,high,Congressional vote — legislative action external to firm,,,,
eo_13867_20190410_AAL,,AAL,2019-04-10,EO 13867: Issuance of Permits With Respect to Facilities and Land Transportation Crossings at the International Boundaries of the United States,external,hours,high,Executive order — presidential action external to firm,,,,
eo_13867_20190410_DAL,,DAL,2019-04-10,EO 13867: Issuance of Permits With Respect to Facilities and Land Transportation Crossings at the International Boundaries of the United States,external,hours,high,Executive order — presidential action external to firm,,,,
eo_13867_20190410_LYFT,,LYFT,2019-04-10,EO 13867: Issuance of Permits With Respect to Facilities and Land Transportation Crossings at the International Boundaries of the United States,external,hours,high,Executive order — presidential action external to firm,,,,
eo_13867_20190410_UAL,,UAL,2019-04-10,EO 13867: Issuance of Permits With Respect to Facilities and Land Transportation Crossings at the International Boundaries of the United States,external,hours,high,Executive order — presidential action external to firm,,,,
scotus_2020-038_20210401_MET,,MET,2021-04-01,FEDERAL COMMUNICATIONS COMMISSION v. PROMETHEUS RADIO PROJECT,external,hours,high,Court decision — judicial ruling external to firm,,,,
scotus_2020-038_20210401_MA,,MA,2021-04-01,FEDERAL COMMUNICATIONS COMMISSION v. PROMETHEUS RADIO PROJECT,external,hours,high,Court decision — judicial ruling external to firm,,,,
scotus_2020-038_20210401_V,,V,2021-04-01,FEDERAL COMMUNICATIONS COMMISSION v. PROMETHEUS RADIO PROJECT,external,hours,high,Court decision — judicial ruling external to firm,,,,
scotus_2020-038_20210401_UBS,,UBS,2021-04-01,FEDERAL COMMUNICATIONS COMMISSION v. PROMETHEUS RADIO PROJECT,external,hours,high,Court decision — judicial ruling external to firm,,,,
scotus_2020-038_20210401_JPM,,JPM,2021-04-01,FEDERAL COMMUNICATIONS COMMISSION v. PROMETHEUS RADIO PROJECT,external,hours,high,Court decision — judicial ruling external to firm,,,,
scotus_2020-038_20210401_BAC,,BAC,2021-04-01,FEDERAL COMMUNICATIONS COMMISSION v. PROMETHEUS RADIO PROJECT,external,hours,high,Court decision — judicial ruling external to firm,,,,
scotus_2020-038_20210401_AXP,,AXP,2021-04-01,FEDERAL COMMUNICATIONS COMMISSION v. PROMETHEUS RADIO PROJECT,external,hours,high,Court decision — judicial ruling external to firm,,,,
scotus_2020-038_20210401_WFC,,WFC,2021-04-01,FEDERAL COMMUNICATIONS COMMISSION v. PROMETHEUS RADIO PROJECT,external,hours,high,Court decision — judicial ruling external to firm,,,,
scotus_2020-038_20210401_PYPL,,PYPL,2021-04-01,FEDERAL COMMUNICATIONS COMMISSION v. PROMETHEUS RADIO PROJECT,external,hours,high,Court decision — judicial ruling external to firm,,,,
scotus_2020-038_20210401_C,,C,2021-04-01,FEDERAL COMMUNICATIONS COMMISSION v. PROMETHEUS RADIO PROJECT,external,hours,high,Court decision — judicial ruling external to firm,,,,
vote_H_2004__20040625_CVX,,CVX,2004-06-25,"H.R. 4614 (108th): Energy and Water Development Appropriations Act, 2005",external,days,high,Congressional vote — legislative action external to firm,,,,
vote_H_2005__20051026_WFC,,WFC,2005-10-26,"H.Res. 509 (109th): Providing for consideration of the bill (H.R. 1461) to reform the regulation of certain housing-related Government-sponsored enterprises, ...",external,days,high,Congressional vote — legislative action external to firm,,,,
vote_H_2005__20051026_JPM,,JPM,2005-10-26,"H.Res. 509 (109th): Providing for consideration of the bill (H.R. 1461) to reform the regulation of certain housing-related Government-sponsored enterprises, ...",external,days,high,Congressional vote — legislative action external to firm,,,,
vote_H_2005__20051026_AXP,,AXP,2005-10-26,"H.Res. 509 (109th): Providing for consideration of the bill (H.R. 1461) to reform the regulation of certain housing-related Government-sponsored enterprises, ...",external,days,high,Congressional vote — legislative action external to firm,,,,
vote_H_2005__20051026_BAC,,BAC,2005-10-26,"H.Res. 509 (109th): Providing for consideration of the bill (H.R. 1461) to reform the regulation of certain housing-related Government-sponsored enterprises, ...",external,days,high,Congressional vote — legislative action external to firm,,,,
vote_H_2005__20051026_C,,C,2005-10-26,"H.Res. 509 (109th): Providing for consideration of the bill (H.R. 1461) to reform the regulation of certain housing-related Government-sponsored enterprises, ...",external,days,high,Congressional vote — legislative action external to firm,,,,
vote_H_2014__20140610_AAL,,AAL,2014-06-10,"H.R. 4745 (113th): Transportation, Housing and Urban Development, and Related Agencies Appropriations Act, 2015",external,days,high,Congressional vote — legislative action external to firm,,,,
vote_H_2014__20140610_DAL,,DAL,2014-06-10,"H.R. 4745 (113th): Transportation, Housing and Urban Development, and Related Agencies Appropriations Act, 2015",external,days,high,Congressional vote — legislative action external to firm,,,,
vote_H_2014__20140610_UAL,,UAL,2014-06-10,"H.R. 4745 (113th): Transportation, Housing and Urban Development, and Related Agencies Appropriations Act, 2015",external,days,high,Congressional vote — legislative action external to firm,,,,
scotus_2007-030_20080415_MET,,MET,2008-04-15,"MEADWESTVACO CORPORATION, SUCCESSOR IN INTEREST TO THE MEAD CORPORATION v. ILLINOIS DEPARTMENT OF REVENUE ET AL",external,hours,high,Court decision — judicial ruling external to firm,,,,
scotus_2007-030_20080415_MA,,MA,2008-04-15,"MEADWESTVACO CORPORATION, SUCCESSOR IN INTEREST TO THE MEAD CORPORATION v. ILLINOIS DEPARTMENT OF REVENUE ET AL",external,hours,high,Court decision — judicial ruling external to firm,,,,
scotus_2007-030_20080415_V,,V,2008-04-15,"MEADWESTVACO CORPORATION, SUCCESSOR IN INTEREST TO THE MEAD CORPORATION v. ILLINOIS DEPARTMENT OF REVENUE ET AL",external,hours,high,Court decision — judicial ruling external to firm,,,,
scotus_2007-030_20080415_JPM,,JPM,2008-04-15,"MEADWESTVACO CORPORATION, SUCCESSOR IN INTEREST TO THE MEAD CORPORATION v. ILLINOIS DEPARTMENT OF REVENUE ET AL",external,hours,high,Court decision — judicial ruling external to firm,,,,
scotus_2007-030_20080415_BAC,,BAC,2008-04-15,"MEADWESTVACO CORPORATION, SUCCESSOR IN INTEREST TO THE MEAD CORPORATION v. ILLINOIS DEPARTMENT OF REVENUE ET AL",external,hours,high,Court decision — judicial ruling external to firm,,,,
scotus_2007-030_20080415_AXP,,AXP,2008-04-15,"MEADWESTVACO CORPORATION, SUCCESSOR IN INTEREST TO THE MEAD CORPORATION v. ILLINOIS DEPARTMENT OF REVENUE ET AL",external,hours,high,Court decision — judicial ruling external to firm,,,,
scotus_2007-030_20080415_WFC,,WFC,2008-04-15,"MEADWESTVACO CORPORATION, SUCCESSOR IN INTEREST TO THE MEAD CORPORATION v. ILLINOIS DEPARTMENT OF REVENUE ET AL",external,hours,high,Court decision — judicial ruling external to firm,,,,
scotus_2007-030_20080415_C,,C,2008-04-15,"MEADWESTVACO CORPORATION, SUCCESSOR IN INTEREST TO THE MEAD CORPORATION v. ILLINOIS DEPARTMENT OF REVENUE ET AL",external,hours,high,Court decision — judicial ruling external to firm,,,,
vote_S_2003__20030430_MSFT,,MSFT,2003-04-30,S. 196 (108th): Minority Serving Institution Digital and Wireless Technology Opportunity Act of 2003,external,days,high,Congressional vote — legislative action external to firm,,,,
vote_S_2003__20030430_CHTR,,CHTR,2003-04-30,S. 196 (108th): Minority Serving Institution Digital and Wireless Technology Opportunity Act of 2003,external,days,high,Congressional vote — legislative action external to firm,,,,
vote_S_2003__20030430_VZ,,VZ,2003-04-30,S. 196 (108th): Minority Serving Institution Digital and Wireless Technology Opportunity Act of 2003,external,days,high,Congressional vote — legislative action external to firm,,,,
vote_S_2003__20030430_HPQ,,HPQ,2003-04-30,S. 196 (108th): Minority Serving Institution Digital and Wireless Technology Opportunity Act of 2003,external,days,high,Congressional vote — legislative action external to firm,,,,
eo_14124_20240717_AAL,,AAL,2024-07-17,"EO 14124: White House Initiative on Advancing Educational Equity, Excellence, and Economic Opportunity Through Hispanic-Serving Institutions",external,hours,high,Executive order — presidential action external to firm,,,,
eo_14124_20240717_DAL,,DAL,2024-07-17,"EO 14124: White House Initiative on Advancing Educational Equity, Excellence, and Economic Opportunity Through Hispanic-Serving Institutions",external,hours,high,Executive order — presidential action external to firm,,,,
eo_14124_20240717_LYFT,,LYFT,2024-07-17,"EO 14124: White House Initiative on Advancing Educational Equity, Excellence, and Economic Opportunity Through Hispanic-Serving Institutions",external,hours,high,Executive order — presidential action external to firm,,,,
eo_14124_20240717_UAL,,UAL,2024-07-17,"EO 14124: White House Initiative on Advancing Educational Equity, Excellence, and Economic Opportunity Through Hispanic-Serving Institutions",external,hours,high,Executive order — presidential action external to firm,,,,
vote_H_2009__20090507_MET,,MET,2009-05-07,H.Res. 406 (111th): Providing for further consideration of the bill (H.R. 1728) to amend the Truth in Lending Act to ...,external,days,high,Congressional vote — legislative action external to firm,,,,
vote_H_2009__20090507_MA,,MA,2009-05-07,H.Res. 406 (111th): Providing for further consideration of the bill (H.R. 1728) to amend the Truth in Lending Act to ...,external,days,high,Congressional vote — legislative action external to firm,,,,
vote_H_2009__20090507_V,,V,2009-05-07,H.Res. 406 (111th): Providing for further consideration of the bill (H.R. 1728) to amend the Truth in Lending Act to ...,external,days,high,Congressional vote — legislative action external to firm,,,,
vote_H_2009__20090507_JPM,,JPM,2009-05-07,H.Res. 406 (111th): Providing for further consideration of the bill (H.R. 1728) to amend the Truth in Lending Act to ...,external,days,high,Congressional vote — legislative action external to firm,,,,
vote_H_2009__20090507_BAC,,BAC,2009-05-07,H.Res. 406 (111th): Providing for further consideration of the bill (H.R. 1728) to amend the Truth in Lending Act to ...,external,days,high,Congressional vote — legislative action external to firm,,,,
vote_H_2009__20090507_AXP,,AXP,2009-05-07,H.Res. 406 (111th): Providing for further consideration of the bill (H.R. 1728) to amend the Truth in Lending Act to ...,external,days,high,Congressional vote — legislative action external to firm,,,,
vote_H_2009__20090507_WFC,,WFC,2009-05-07,H.Res. 406 (111th): Providing for further consideration of the bill (H.R. 1728) to amend the Truth in Lending Act to ...,external,days,high,Congressional vote — legislative action external to firm,,,,
vote_H_2009__20090507_C,,C,2009-05-07,H.Res. 406 (111th): Providing for further consideration of the bill (H.R. 1728) to amend the Truth in Lending Act to ...,external,days,high,Congressional vote — legislative action external to firm,,,,
vote_H_2019__20190625_AAL,,AAL,2019-06-25,"H.Res. 460: Providing for consideration of the bill (H.R. 2722) to protect elections for public office by providing financial support and enhanced security for the infrastructure used to carry out such elections, and for other purposes; waiving a require",external,days,high,Congressional vote — legislative action external to firm,,,,
vote_H_2019__20190625_DAL,,DAL,2019-06-25,"H.Res. 460: Providing for consideration of the bill (H.R. 2722) to protect elections for public office by providing financial support and enhanced security for the infrastructure used to carry out such elections, and for other purposes; waiving a require",external,days,high,Congressional vote — legislative action external to firm,,,,
vote_H_2019__20190625_LYFT,,LYFT,2019-06-25,"H.Res. 460: Providing for consideration of the bill (H.R. 2722) to protect elections for public office by providing financial support and enhanced security for the infrastructure used to carry out such elections, and for other purposes; waiving a require",external,days,high,Congressional vote — legislative action external to firm,,,,
vote_H_2019__20190625_UAL,,UAL,2019-06-25,"H.Res. 460: Providing for consideration of the bill (H.R. 2722) to protect elections for public office by providing financial support and enhanced security for the infrastructure used to carry out such elections, and for other purposes; waiving a require",external,days,high,Congressional vote — legislative action external to firm,,,,
vote_H_2008__20080514_AAL,,AAL,2008-05-14,H.Res. 1189 (110th): Providing for consideration of the conference report to accompany the bill (H.R. 2419) to provide for the ...,external,days,high,Congressional vote — legislative action external to firm,,,,
vote_H_2008__20080514_DAL,,DAL,2008-05-14,H.Res. 1189 (110th): Providing for consideration of the conference report to accompany the bill (H.R. 2419) to provide for the ...,external,days,high,Congressional vote — legislative action external to firm,,,,
vote_H_2008__20080514_UAL,,UAL,2008-05-14,H.Res. 1189 (110th): Providing for consideration of the conference report to accompany the bill (H.R. 2419) to provide for the ...,external,days,high,Congressional vote — legislative action external to firm,,,,
eo_14141_20250114_AAPL,,AAPL,2025-01-14,EO 14141: Advancing United States Leadership in Artificial Intelligence Infrastructure,external,hours,high,Executive order — presidential action external to firm,,,,
eo_14141_20250114_META,,META,2025-01-14,EO 14141: Advancing United States Leadership in Artificial Intelligence Infrastructure,external,hours,high,Executive order — presidential action external to firm,,,,
eo_14141_20250114_GOOGL,,GOOGL,2025-01-14,EO 14141: Advancing United States Leadership in Artificial Intelligence Infrastructure,external,hours,high,Executive order — presidential action external to firm,,,,
eo_14141_20250114_MSFT,,MSFT,2025-01-14,EO 14141: Advancing United States Leadership in Artificial Intelligence Infrastructure,external,hours,high,Executive order — presidential action external to firm,,,,
eo_14141_20250114_SNAP,,SNAP,2025-01-14,EO 14141: Advancing United States Leadership in Artificial Intelligence Infrastructure,external,hours,high,Executive order — presidential action external to firm,,,,
eo_14141_20250114_TWLO,,TWLO,2025-01-14,EO 14141: Advancing United States Leadership in Artificial Intelligence Infrastructure,external,hours,high,Executive order — presidential action external to firm,,,,
eo_14141_20250114_HPE,,HPE,2025-01-14,EO 14141: Advancing United States Leadership in Artificial Intelligence Infrastructure,external,hours,high,Executive order — presidential action external to firm,,,,
eo_14141_20250114_ORCL,,ORCL,2025-01-14,EO 14141: Advancing United States Leadership in Artificial Intelligence Infrastructure,external,hours,high,Executive order — presidential action external to firm,,,,
eo_14141_20250114_CHTR,,CHTR,2025-01-14,EO 14141: Advancing United States Leadership in Artificial Intelligence Infrastructure,external,hours,high,Executive order — presidential action external to firm,,,,
eo_14141_20250114_DELL,,DELL,2025-01-14,EO 14141: Advancing United States Leadership in Artificial Intelligence Infrastructure,external,hours,high,Executive order — presidential action external to firm,,,,
eo_14141_20250114_VZ,,VZ,2025-01-14,EO 14141: Advancing United States Leadership in Artificial Intelligence Infrastructure,external,hours,high,Executive order — presidential action external to firm,,,,
eo_14141_20250114_T,,T,2025-01-14,EO 14141: Advancing United States Leadership in Artificial Intelligence Infrastructure,external,hours,high,Executive order — presidential action external to firm,,,,
eo_14141_20250114_HPQ,,HPQ,2025-01-14,EO 14141: Advancing United States Leadership in Artificial Intelligence Infrastructure,external,hours,high,Executive order — presidential action external to firm,,,,
vote_H_2023__20230201_MA,,MA,2023-02-01,"H.Res. 83 (118th): Providing for consideration of the concurrent resolution (H. Con. Res. 9) denouncing the horrors of socialism, and providing for consideration of the resolution (H. Res. 76) removing a certain Member from a certain standing committee o",external,days,high,Congressional vote — legislative action external to firm,,,,
vote_H_2023__20230201_V,,V,2023-02-01,"H.Res. 83 (118th): Providing for consideration of the concurrent resolution (H. Con. Res. 9) denouncing the horrors of socialism, and providing for consideration of the resolution (H. Res. 76) removing a certain Member from a certain standing committee o",external,days,high,Congressional vote — legislative action external to firm,,,,
vote_H_2023__20230201_UBS,,UBS,2023-02-01,"H.Res. 83 (118th): Providing for consideration of the concurrent resolution (H. Con. Res. 9) denouncing the horrors of socialism, and providing for consideration of the resolution (H. Res. 76) removing a certain Member from a certain standing committee o",external,days,high,Congressional vote — legislative action external to firm,,,,
vote_H_2023__20230201_JPM,,JPM,2023-02-01,"H.Res. 83 (118th): Providing for consideration of the concurrent resolution (H. Con. Res. 9) denouncing the horrors of socialism, and providing for consideration of the resolution (H. Res. 76) removing a certain Member from a certain standing committee o",external,days,high,Congressional vote — legislative action external to firm,,,,
vote_H_2023__20230201_BAC,,BAC,2023-02-01,"H.Res. 83 (118th): Providing for consideration of the concurrent resolution (H. Con. Res. 9) denouncing the horrors of socialism, and providing for consideration of the resolution (H. Res. 76) removing a certain Member from a certain standing committee o",external,days,high,Congressional vote — legislative action external to firm,,,,
vote_H_2023__20230201_AXP,,AXP,2023-02-01,"H.Res. 83 (118th): Providing for consideration of the concurrent resolution (H. Con. Res. 9) denouncing the horrors of socialism, and providing for consideration of the resolution (H. Res. 76) removing a certain Member from a certain standing committee o",external,days,high,Congressional vote — legislative action external to firm,,,,
vote_H_2023__20230201_WFC,,WFC,2023-02-01,"H.Res. 83 (118th): Providing for consideration of the concurrent resolution (H. Con. Res. 9) denouncing the horrors of socialism, and providing for consideration of the resolution (H. Res. 76) removing a certain Member from a certain standing committee o",external,days,high,Congressional vote — legislative action external to firm,,,,
vote_H_2023__20230201_PYPL,,PYPL,2023-02-01,"H.Res. 83 (118th): Providing for consideration of the concurrent resolution (H. Con. Res. 9) denouncing the horrors of socialism, and providing for consideration of the resolution (H. Res. 76) removing a certain Member from a certain standing committee o",external,days,high,Congressional vote — legislative action external to firm,,,,
vote_H_2023__20230201_C,,C,2023-02-01,"H.Res. 83 (118th): Providing for consideration of the concurrent resolution (H. Con. Res. 9) denouncing the horrors of socialism, and providing for consideration of the resolution (H. Res. 76) removing a certain Member from a certain standing committee o",external,days,high,Congressional vote — legislative action external to firm,,,,
scotus_2022-007_20230518_MET,,MET,2023-05-18,ANDY WARHOL FOUNDATION FOR THE VISUAL ARTS v. GOLDSMITH,external,hours,high,Court decision — judicial ruling external to firm,,,,
scotus_2022-007_20230518_MA,,MA,2023-05-18,ANDY WARHOL FOUNDATION FOR THE VISUAL ARTS v. GOLDSMITH,external,hours,high,Court decision — judicial ruling external to firm,,,,
scotus_2022-007_20230518_V,,V,2023-05-18,ANDY WARHOL FOUNDATION FOR THE VISUAL ARTS v. GOLDSMITH,external,hours,high,Court decision — judicial ruling external to firm,,,,
scotus_2022-007_20230518_UBS,,UBS,2023-05-18,ANDY WARHOL FOUNDATION FOR THE VISUAL ARTS v. GOLDSMITH,external,hours,high,Court decision — judicial ruling external to firm,,,,
scotus_2022-007_20230518_JPM,,JPM,2023-05-18,ANDY WARHOL FOUNDATION FOR THE VISUAL ARTS v. GOLDSMITH,external,hours,high,Court decision — judicial ruling external to firm,,,,
scotus_2022-007_20230518_BAC,,BAC,2023-05-18,ANDY WARHOL FOUNDATION FOR THE VISUAL ARTS v. GOLDSMITH,external,hours,high,Court decision — judicial ruling external to firm,,,,
scotus_2022-007_20230518_AXP,,AXP,2023-05-18,ANDY WARHOL FOUNDATION FOR THE VISUAL ARTS v. GOLDSMITH,external,hours,high,Court decision — judicial ruling external to firm,,,,
scotus_2022-007_20230518_WFC,,WFC,2023-05-18,ANDY WARHOL FOUNDATION FOR THE VISUAL ARTS v. GOLDSMITH,external,hours,high,Court decision — judicial ruling external to firm,,,,
scotus_2022-007_20230518_PYPL,,PYPL,2023-05-18,ANDY WARHOL FOUNDATION FOR THE VISUAL ARTS v. GOLDSMITH,external,hours,high,Court decision — judicial ruling external to firm,,,,
scotus_2022-007_20230518_C,,C,2023-05-18,ANDY WARHOL FOUNDATION FOR THE VISUAL ARTS v. GOLDSMITH,external,hours,high,Court decision — judicial ruling external to firm,,,,
vote_H_2007__20070719_TMO,,TMO,2007-07-19,"H.R. 3043 (110th): Departments of Labor, Health and Human Services, and Education, and Related Agencies Appropriations Act, 2008",external,days,high,Congressional vote — legislative action external to firm,,,,
vote_H_2007__20070719_DHR,,DHR,2007-07-19,"H.R. 3043 (110th): Departments of Labor, Health and Human Services, and Education, and Related Agencies Appropriations Act, 2008",external,days,high,Congressional vote — legislative action external to firm,,,,
vote_H_2007__20070719_PG,,PG,2007-07-19,"H.R. 3043 (110th): Departments of Labor, Health and Human Services, and Education, and Related Agencies Appropriations Act, 2008",external,days,high,Congressional vote — legislative action external to firm,,,,
vote_H_2007__20070719_EPC,,EPC,2007-07-19,"H.R. 3043 (110th): Departments of Labor, Health and Human Services, and Education, and Related Agencies Appropriations Act, 2008",external,days,high,Congressional vote — legislative action external to firm,,,,
vote_H_2001__20011128_F,,F,2001-11-28,H.R. 3338 (107th): Department of Defense and Emergency Supplemental Appropriations for Recovery from and Response to Terrorist Attacks on the ...,external,days,high,Congressional vote — legislative action external to firm,,,,
vote_H_2009__20090626_CVX,,CVX,2009-06-26,"H.Res. 587 (111th): Providing for consideration of the bill (H.R. 2454) to create clean energy jobs, achieve energy independence, reduce ...",external,days,high,Congressional vote — legislative action external to firm,,,,
vote_S_2017__20170203_MET,,MET,2017-02-03,"H.J.Res. 41: Providing for congressional disapproval under chapter 8 of title 5, United States Code, of a rule submitted by the Securities and Exchange Commission relating to “Disclosure of Payments by Resource Extraction Issuers”.",external,days,high,Congressional vote — legislative action external to firm,,,,
vote_S_2017__20170203_MA,,MA,2017-02-03,"H.J.Res. 41: Providing for congressional disapproval under chapter 8 of title 5, United States Code, of a rule submitted by the Securities and Exchange Commission relating to “Disclosure of Payments by Resource Extraction Issuers”.",external,days,high,Congressional vote — legislative action external to firm,,,,
vote_S_2017__20170203_V,,V,2017-02-03,"H.J.Res. 41: Providing for congressional disapproval under chapter 8 of title 5, United States Code, of a rule submitted by the Securities and Exchange Commission relating to “Disclosure of Payments by Resource Extraction Issuers”.",external,days,high,Congressional vote — legislative action external to firm,,,,
vote_S_2017__20170203_UBS,,UBS,2017-02-03,"H.J.Res. 41: Providing for congressional disapproval under chapter 8 of title 5, United States Code, of a rule submitted by the Securities and Exchange Commission relating to “Disclosure of Payments by Resource Extraction Issuers”.",external,days,high,Congressional vote — legislative action external to firm,,,,
vote_S_2017__20170203_JPM,,JPM,2017-02-03,"H.J.Res. 41: Providing for congressional disapproval under chapter 8 of title 5, United States Code, of a rule submitted by the Securities and Exchange Commission relating to “Disclosure of Payments by Resource Extraction Issuers”.",external,days,high,Congressional vote — legislative action external to firm,,,,
vote_S_2017__20170203_BAC,,BAC,2017-02-03,"H.J.Res. 41: Providing for congressional disapproval under chapter 8 of title 5, United States Code, of a rule submitted by the Securities and Exchange Commission relating to “Disclosure of Payments by Resource Extraction Issuers”.",external,days,high,Congressional vote — legislative action external to firm,,,,
vote_S_2017__20170203_AXP,,AXP,2017-02-03,"H.J.Res. 41: Providing for congressional disapproval under chapter 8 of title 5, United States Code, of a rule submitted by the Securities and Exchange Commission relating to “Disclosure of Payments by Resource Extraction Issuers”.",external,days,high,Congressional vote — legislative action external to firm,,,,
vote_S_2017__20170203_WFC,,WFC,2017-02-03,"H.J.Res. 41: Providing for congressional disapproval under chapter 8 of title 5, United States Code, of a rule submitted by the Securities and Exchange Commission relating to “Disclosure of Payments by Resource Extraction Issuers”.",external,days,high,Congressional vote — legislative action external to firm,,,,
vote_S_2017__20170203_PYPL,,PYPL,2017-02-03,"H.J.Res. 41: Providing for congressional disapproval under chapter 8 of title 5, United States Code, of a rule submitted by the Securities and Exchange Commission relating to “Disclosure of Payments by Resource Extraction Issuers”.",external,days,high,Congressional vote — legislative action external to firm,,,,
vote_S_2017__20170203_C,,C,2017-02-03,"H.J.Res. 41: Providing for congressional disapproval under chapter 8 of title 5, United States Code, of a rule submitted by the Securities and Exchange Commission relating to “Disclosure of Payments by Resource Extraction Issuers”.",external,days,high,Congressional vote — legislative action external to firm,,,,
vote_H_2010__20100727_MA,,MA,2010-07-27,"H.Res. 1556 (111th): Providing for consideration of the concurrent resolution (H. Con. Res. 301) directing the President, pursuant to section ...",external,days,high,Congressional vote — legislative action external to firm,,,,
vote_H_2010__20100727_V,,V,2010-07-27,"H.Res. 1556 (111th): Providing for consideration of the concurrent resolution (H. Con. Res. 301) directing the President, pursuant to section ...",external,days,high,Congressional vote — legislative action external to firm,,,,
vote_H_2010__20100727_JPM,,JPM,2010-07-27,"H.Res. 1556 (111th): Providing for consideration of the concurrent resolution (H. Con. Res. 301) directing the President, pursuant to section ...",external,days,high,Congressional vote — legislative action external to firm,,,,
vote_H_2010__20100727_BAC,,BAC,2010-07-27,"H.Res. 1556 (111th): Providing for consideration of the concurrent resolution (H. Con. Res. 301) directing the President, pursuant to section ...",external,days,high,Congressional vote — legislative action external to firm,,,,
vote_H_2010__20100727_AXP,,AXP,2010-07-27,"H.Res. 1556 (111th): Providing for consideration of the concurrent resolution (H. Con. Res. 301) directing the President, pursuant to section ...",external,days,high,Congressional vote — legislative action external to firm,,,,
vote_H_2010__20100727_WFC,,WFC,2010-07-27,"H.Res. 1556 (111th): Providing for consideration of the concurrent resolution (H. Con. Res. 301) directing the President, pursuant to section ...",external,days,high,Congressional vote — legislative action external to firm,,,,
vote_H_2010__20100727_C,,C,2010-07-27,"H.Res. 1556 (111th): Providing for consideration of the concurrent resolution (H. Con. Res. 301) directing the President, pursuant to section ...",external,days,high,Congressional vote — legislative action external to firm,,,,
vote_H_2006__20060519_IBM,,IBM,2006-05-19,H.Res. 821 (109th): Providing for consideration of the bill (H.R. 5385) making appropriations for the military quality of life functions ...,external,days,high,Congressional vote — legislative action external to firm,,,,
vote_H_2006__20060519_LMT,,LMT,2006-05-19,H.Res. 821 (109th): Providing for consideration of the bill (H.R. 5385) making appropriations for the military quality of life functions ...,external,days,high,Congressional vote — legislative action external to firm,,,,
vote_H_2006__20060519_CRM,,CRM,2006-05-19,H.Res. 821 (109th): Providing for consideration of the bill (H.R. 5385) making appropriations for the military quality of life functions ...,external,days,high,Congressional vote — legislative action external to firm,,,,
vote_H_2006__20060519_ADBE,,ADBE,2006-05-19,H.Res. 821 (109th): Providing for consideration of the bill (H.R. 5385) making appropriations for the military quality of life functions ...,external,days,high,Congressional vote — legislative action external to firm,,,,
vote_H_2006__20060519_BA,,BA,2006-05-19,H.Res. 821 (109th): Providing for consideration of the bill (H.R. 5385) making appropriations for the military quality of life functions ...,external,days,high,Congressional vote — legislative action external to firm,,,,
vote_H_2006__20060519_F,,F,2006-05-19,H.Res. 821 (109th): Providing for consideration of the bill (H.R. 5385) making appropriations for the military quality of life functions ...,external,days,high,Congressional vote — legislative action external to firm,,,,
eo_13200_20010211_MSFT,,MSFT,2001-02-11,"EO 13200: President's Information Technology Advisory Committee, Further Amendment to Executive Order 13035, as Amended",external,hours,high,Executive order — presidential action external to firm,,,,
eo_13813_20171012_TMO,,TMO,2017-10-12,EO 13813: Promoting Healthcare Choice and Competition Across the United States,external,hours,high,Executive order — presidential action external to firm,,,,
eo_13813_20171012_PG,,PG,2017-10-12,EO 13813: Promoting Healthcare Choice and Competition Across the United States,external,hours,high,Executive order — presidential action external to firm,,,,
eo_13813_20171012_DHR,,DHR,2017-10-12,EO 13813: Promoting Healthcare Choice and Competition Across the United States,external,hours,high,Executive order — presidential action external to firm,,,,
eo_13813_20171012_ELF,,ELF,2017-10-12,EO 13813: Promoting Healthcare Choice and Competition Across the United States,external,hours,high,Executive order — presidential action external to firm,,,,
eo_13813_20171012_EPC,,EPC,2017-10-12,EO 13813: Promoting Healthcare Choice and Competition Across the United States,external,hours,high,Executive order — presidential action external to firm,,,,
scotus_1999-040_20000322_BAC,,BAC,2000-03-22,"WAL-MART STORES, INC. v. SAMARA BROTHERS, INC.",external,hours,high,Court decision — judicial ruling external to firm,,,,
eo_13539_20100421_AAPL,,AAPL,2010-04-21,EO 13539: President's Council of Advisors on Science and Technology,external,hours,high,Executive order — presidential action external to firm,,,,
eo_13539_20100421_MSFT,,MSFT,2010-04-21,EO 13539: President's Council of Advisors on Science and Technology,external,hours,high,Executive order — presidential action external to firm,,,,
eo_13539_20100421_ORCL,,ORCL,2010-04-21,EO 13539: President's Council of Advisors on Science and Technology,external,hours,high,Executive order — presidential action external to firm,,,,
eo_13539_20100421_CHTR,,CHTR,2010-04-21,EO 13539: President's Council of Advisors on Science and Technology,external,hours,high,Executive order — presidential action external to firm,,,,
eo_13539_20100421_VZ,,VZ,2010-04-21,EO 13539: President's Council of Advisors on Science and Technology,external,hours,high,Executive order — presidential action external to firm,,,,
eo_13539_20100421_T,,T,2010-04-21,EO 13539: President's Council of Advisors on Science and Technology,external,hours,high,Executive order — presidential action external to firm,,,,
eo_13539_20100421_HPQ,,HPQ,2010-04-21,EO 13539: President's Council of Advisors on Science and Technology,external,hours,high,Executive order — presidential action external to firm,,,,
vote_S_2019__20190620_IBM,,IBM,2019-06-20,S.J.Res. 48: A joint resolution providing for congressional disapproval of the proposed transfer to the United Arab Emirates certain defense articles and services.,external,days,high,Congressional vote — legislative action external to firm,,,,
vote_S_2019__20190620_GM,,GM,2019-06-20,S.J.Res. 48: A joint resolution providing for congressional disapproval of the proposed transfer to the United Arab Emirates certain defense articles and services.,external,days,high,Congressional vote — legislative action external to firm,,,,
vote_S_2019__20190620_TSLA,,TSLA,2019-06-20,S.J.Res. 48: A joint resolution providing for congressional disapproval of the proposed transfer to the United Arab Emirates certain defense articles and services.,external,days,high,Congressional vote — legislative action external to firm,,,,
vote_S_2019__20190620_CRM,,CRM,2019-06-20,S.J.Res. 48: A joint resolution providing for congressional disapproval of the proposed transfer to the United Arab Emirates certain defense articles and services.,external,days,high,Congressional vote — legislative action external to firm,,,,
vote_S_2019__20190620_ADBE,,ADBE,2019-06-20,S.J.Res. 48: A joint resolution providing for congressional disapproval of the proposed transfer to the United Arab Emirates certain defense articles and services.,external,days,high,Congressional vote — legislative action external to firm,,,,
vote_S_2019__20190620_BA,,BA,2019-06-20,S.J.Res. 48: A joint resolution providing for congressional disapproval of the proposed transfer to the United Arab Emirates certain defense articles and services.,external,days,high,Congressional vote — legislative action external to firm,,,,
vote_S_2019__20190620_LMT,,LMT,2019-06-20,S.J.Res. 48: A joint resolution providing for congressional disapproval of the proposed transfer to the United Arab Emirates certain defense articles and services.,external,days,high,Congressional vote — legislative action external to firm,,,,
vote_S_2019__20190620_F,,F,2019-06-20,S.J.Res. 48: A joint resolution providing for congressional disapproval of the proposed transfer to the United Arab Emirates certain defense articles and services.,external,days,high,Congressional vote — legislative action external to firm,,,,
vote_H_2007__20070327_AAL,,AAL,2007-03-27,"H.Res. 270 (110th): Providing for consideration of the bill (H.R. 1401) to improve the security of railroads, public transportation, and ...",external,days,high,Congressional vote — legislative action external to firm,,,,
vote_H_2007__20070327_DAL,,DAL,2007-03-27,"H.Res. 270 (110th): Providing for consideration of the bill (H.R. 1401) to improve the security of railroads, public transportation, and ...",external,days,high,Congressional vote — legislative action external to firm,,,,
vote_H_2007__20070327_UAL,,UAL,2007-03-27,"H.Res. 270 (110th): Providing for consideration of the bill (H.R. 1401) to improve the security of railroads, public transportation, and ...",external,days,high,Congressional vote — legislative action external to firm,,,,
scotus_2009-043_20100427_MET,,MET,2010-04-27,"MERCK & CO., INC., et al. v. RICHARD REYNOLDS et al.",external,hours,high,Court decision — judicial ruling external to firm,,,,
scotus_2009-043_20100427_MA,,MA,2010-04-27,"MERCK & CO., INC., et al. v. RICHARD REYNOLDS et al.",external,hours,high,Court decision — judicial ruling external to firm,,,,
scotus_2009-043_20100427_V,,V,2010-04-27,"MERCK & CO., INC., et al. v. RICHARD REYNOLDS et al.",external,hours,high,Court decision — judicial ruling external to firm,,,,
scotus_2009-043_20100427_JPM,,JPM,2010-04-27,"MERCK & CO., INC., et al. v. RICHARD REYNOLDS et al.",external,hours,high,Court decision — judicial ruling external to firm,,,,
scotus_2009-043_20100427_BAC,,BAC,2010-04-27,"MERCK & CO., INC., et al. v. RICHARD REYNOLDS et al.",external,hours,high,Court decision — judicial ruling external to firm,,,,
scotus_2009-043_20100427_AXP,,AXP,2010-04-27,"MERCK & CO., INC., et al. v. RICHARD REYNOLDS et al.",external,hours,high,Court decision — judicial ruling external to firm,,,,
scotus_2009-043_20100427_WFC,,WFC,2010-04-27,"MERCK & CO., INC., et al. v. RICHARD REYNOLDS et al.",external,hours,high,Court decision — judicial ruling external to firm,,,,
scotus_2009-043_20100427_C,,C,2010-04-27,"MERCK & CO., INC., et al. v. RICHARD REYNOLDS et al.",external,hours,high,Court decision — judicial ruling external to firm,,,,
scotus_2008-069_20090615_MET,,MET,2009-06-15,"POLAR TANKERS, INC. v. CITY OF VALDEZ, ALASKA",external,hours,high,Court decision — judicial ruling external to firm,,,,
scotus_2008-069_20090615_MA,,MA,2009-06-15,"POLAR TANKERS, INC. v. CITY OF VALDEZ, ALASKA",external,hours,high,Court decision — judicial ruling external to firm,,,,
scotus_2008-069_20090615_V,,V,2009-06-15,"POLAR TANKERS, INC. v. CITY OF VALDEZ, ALASKA",external,hours,high,Court decision — judicial ruling external to firm,,,,
scotus_2008-069_20090615_JPM,,JPM,2009-06-15,"POLAR TANKERS, INC. v. CITY OF VALDEZ, ALASKA",external,hours,high,Court decision — judicial ruling external to firm,,,,
scotus_2008-069_20090615_BAC,,BAC,2009-06-15,"POLAR TANKERS, INC. v. CITY OF VALDEZ, ALASKA",external,hours,high,Court decision — judicial ruling external to firm,,,,
scotus_2008-069_20090615_AXP,,AXP,2009-06-15,"POLAR TANKERS, INC. v. CITY OF VALDEZ, ALASKA",external,hours,high,Court decision — judicial ruling external to firm,,,,
scotus_2008-069_20090615_WFC,,WFC,2009-06-15,"POLAR TANKERS, INC. v. CITY OF VALDEZ, ALASKA",external,hours,high,Court decision — judicial ruling external to firm,,,,
scotus_2008-069_20090615_C,,C,2009-06-15,"POLAR TANKERS, INC. v. CITY OF VALDEZ, ALASKA",external,hours,high,Court decision — judicial ruling external to firm,,,,
vote_S_2009__20090729_CVX,,CVX,2009-07-29,"H.R. 3183 (111th): Energy and Water Development and Related Agencies Appropriations Act, 2010",external,days,high,Congressional vote — legislative action external to firm,,,,
vote_H_2013__20131115_TMO,,TMO,2013-11-15,H.Res. 413 (113th): Providing for consideration of the bill (H.R. 3350) to authorize health insurance issuers to continue to offer ...,external,days,high,Congressional vote — legislative action external to firm,,,,
vote_H_2013__20131115_PG,,PG,2013-11-15,H.Res. 413 (113th): Providing for consideration of the bill (H.R. 3350) to authorize health insurance issuers to continue to offer ...,external,days,high,Congressional vote — legislative action external to firm,,,,
vote_H_2013__20131115_DHR,,DHR,2013-11-15,H.Res. 413 (113th): Providing for consideration of the bill (H.R. 3350) to authorize health insurance issuers to continue to offer ...,external,days,high,Congressional vote — legislative action external to firm,,,,
vote_H_2013__20131115_EPC,,EPC,2013-11-15,H.Res. 413 (113th): Providing for consideration of the bill (H.R. 3350) to authorize health insurance issuers to continue to offer ...,external,days,high,Congressional vote — legislative action external to firm,,,,
scotus_2014-009_20150120_MET,,MET,2015-01-20,"TEVA PHARMS. USA, INC. v. SANDOZ, INC.",external,hours,high,Court decision — judicial ruling external to firm,,,,
scotus_2014-009_20150120_MA,,MA,2015-01-20,"TEVA PHARMS. USA, INC. v. SANDOZ, INC.",external,hours,high,Court decision — judicial ruling external to firm,,,,
scotus_2014-009_20150120_V,,V,2015-01-20,"TEVA PHARMS. USA, INC. v. SANDOZ, INC.",external,hours,high,Court decision — judicial ruling external to firm,,,,
scotus_2014-009_20150120_JPM,,JPM,2015-01-20,"TEVA PHARMS. USA, INC. v. SANDOZ, INC.",external,hours,high,Court decision — judicial ruling external to firm,,,,
scotus_2014-009_20150120_BAC,,BAC,2015-01-20,"TEVA PHARMS. USA, INC. v. SANDOZ, INC.",external,hours,high,Court decision — judicial ruling external to firm,,,,
scotus_2014-009_20150120_AXP,,AXP,2015-01-20,"TEVA PHARMS. USA, INC. v. SANDOZ, INC.",external,hours,high,Court decision — judicial ruling external to firm,,,,
scotus_2014-009_20150120_WFC,,WFC,2015-01-20,"TEVA PHARMS. USA, INC. v. SANDOZ, INC.",external,hours,high,Court decision — judicial ruling external to firm,,,,
scotus_2014-009_20150120_C,,C,2015-01-20,"TEVA PHARMS. USA, INC. v. SANDOZ, INC.",external,hours,high,Court decision — judicial ruling external to firm,,,,
eo_14009_20210128_TMO,,TMO,2021-01-28,EO 14009: Strengthening Medicaid and the Affordable Care Act,external,hours,high,Executive order — presidential action external to firm,,,,
eo_14009_20210128_PG,,PG,2021-01-28,EO 14009: Strengthening Medicaid and the Affordable Care Act,external,hours,high,Executive order — presidential action external to firm,,,,
eo_14009_20210128_DHR,,DHR,2021-01-28,EO 14009: Strengthening Medicaid and the Affordable Care Act,external,hours,high,Executive order — presidential action external to firm,,,,
eo_14009_20210128_ELF,,ELF,2021-01-28,EO 14009: Strengthening Medicaid and the Affordable Care Act,external,hours,high,Executive order — presidential action external to firm,,,,
eo_14009_20210128_EPC,,EPC,2021-01-28,EO 14009: Strengthening Medicaid and the Affordable Care Act,external,hours,high,Executive order — presidential action external to firm,,,,
eo_14097_20230427_TMO,,TMO,2023-04-27,EO 14097: Authority To Order the Ready Reserve of the Armed Forces to Active Duty To Address International Drug Trafficking,external,hours,high,Executive order — presidential action external to firm,,,,
eo_14097_20230427_PG,,PG,2023-04-27,EO 14097: Authority To Order the Ready Reserve of the Armed Forces to Active Duty To Address International Drug Trafficking,external,hours,high,Executive order — presidential action external to firm,,,,
eo_14097_20230427_DHR,,DHR,2023-04-27,EO 14097: Authority To Order the Ready Reserve of the Armed Forces to Active Duty To Address International Drug Trafficking,external,hours,high,Executive order — presidential action external to firm,,,,
eo_14097_20230427_ELF,,ELF,2023-04-27,EO 14097: Authority To Order the Ready Reserve of the Armed Forces to Active Duty To Address International Drug Trafficking,external,hours,high,Executive order — presidential action external to firm,,,,
eo_14097_20230427_EPC,,EPC,2023-04-27,EO 14097: Authority To Order the Ready Reserve of the Armed Forces to Active Duty To Address International Drug Trafficking,external,hours,high,Executive order — presidential action external to firm,,,,
vote_H_2023__20230516_AAL,,AAL,2023-05-16,"H.Res. 398 (118th): Providing for consideration of the bill (H.R. 2494) to make the assault of a law enforcement officer a deportable offense, and for other purposes; providing for consideration of the bill (H.R. 3091) to allow Federal law enforcement of",external,days,high,Congressional vote — legislative action external to firm,,,,
vote_H_2023__20230516_DAL,,DAL,2023-05-16,"H.Res. 398 (118th): Providing for consideration of the bill (H.R. 2494) to make the assault of a law enforcement officer a deportable offense, and for other purposes; providing for consideration of the bill (H.R. 3091) to allow Federal law enforcement of",external,days,high,Congressional vote — legislative action external to firm,,,,
vote_H_2023__20230516_LYFT,,LYFT,2023-05-16,"H.Res. 398 (118th): Providing for consideration of the bill (H.R. 2494) to make the assault of a law enforcement officer a deportable offense, and for other purposes; providing for consideration of the bill (H.R. 3091) to allow Federal law enforcement of",external,days,high,Congressional vote — legislative action external to firm,,,,
vote_H_2023__20230516_UAL,,UAL,2023-05-16,"H.Res. 398 (118th): Providing for consideration of the bill (H.R. 2494) to make the assault of a law enforcement officer a deportable offense, and for other purposes; providing for consideration of the bill (H.R. 3091) to allow Federal law enforcement of",external,days,high,Congressional vote — legislative action external to firm,,,,
vote_S_2012__20120922_CVX,,CVX,2012-09-22,S.J.Res. 41 (112th): A joint resolution expressing the sense of Congress regarding the nuclear program of the Government of the ...,external,days,high,Congressional vote — legislative action external to firm,,,,
vote_S_2012__20120922_XOM,,XOM,2012-09-22,S.J.Res. 41 (112th): A joint resolution expressing the sense of Congress regarding the nuclear program of the Government of the ...,external,days,high,Congressional vote — legislative action external to firm,,,,
scotus_2022-025_20230419_MET,,MET,2023-04-19,MOAC MALL HOLDINGS LLC v. TRANSFORM HOLDCO LLC,external,hours,high,Court decision — judicial ruling external to firm,,,,
scotus_2022-025_20230419_MA,,MA,2023-04-19,MOAC MALL HOLDINGS LLC v. TRANSFORM HOLDCO LLC,external,hours,high,Court decision — judicial ruling external to firm,,,,
scotus_2022-025_20230419_V,,V,2023-04-19,MOAC MALL HOLDINGS LLC v. TRANSFORM HOLDCO LLC,external,hours,high,Court decision — judicial ruling external to firm,,,,
scotus_2022-025_20230419_UBS,,UBS,2023-04-19,MOAC MALL HOLDINGS LLC v. TRANSFORM HOLDCO LLC,external,hours,high,Court decision — judicial ruling external to firm,,,,
scotus_2022-025_20230419_JPM,,JPM,2023-04-19,MOAC MALL HOLDINGS LLC v. TRANSFORM HOLDCO LLC,external,hours,high,Court decision — judicial ruling external to firm,,,,
scotus_2022-025_20230419_BAC,,BAC,2023-04-19,MOAC MALL HOLDINGS LLC v. TRANSFORM HOLDCO LLC,external,hours,high,Court decision — judicial ruling external to firm,,,,
scotus_2022-025_20230419_AXP,,AXP,2023-04-19,MOAC MALL HOLDINGS LLC v. TRANSFORM HOLDCO LLC,external,hours,high,Court decision — judicial ruling external to firm,,,,
scotus_2022-025_20230419_WFC,,WFC,2023-04-19,MOAC MALL HOLDINGS LLC v. TRANSFORM HOLDCO LLC,external,hours,high,Court decision — judicial ruling external to firm,,,,
scotus_2022-025_20230419_PYPL,,PYPL,2023-04-19,MOAC MALL HOLDINGS LLC v. TRANSFORM HOLDCO LLC,external,hours,high,Court decision — judicial ruling external to firm,,,,
scotus_2022-025_20230419_C,,C,2023-04-19,MOAC MALL HOLDINGS LLC v. TRANSFORM HOLDCO LLC,external,hours,high,Court decision — judicial ruling external to firm,,,,
scotus_2007-050_20080609_MET,,MET,2008-06-09,"ALLISON ENGINE COMPANY, INC., et al. v. UNITED STATES ex rel. ROGER L. SANDERS AND ROGER L. THACKER",external,hours,high,Court decision — judicial ruling external to firm,,,,
scotus_2007-050_20080609_MA,,MA,2008-06-09,"ALLISON ENGINE COMPANY, INC., et al. v. UNITED STATES ex rel. ROGER L. SANDERS AND ROGER L. THACKER",external,hours,high,Court decision — judicial ruling external to firm,,,,
scotus_2007-050_20080609_V,,V,2008-06-09,"ALLISON ENGINE COMPANY, INC., et al. v. UNITED STATES ex rel. ROGER L. SANDERS AND ROGER L. THACKER",external,hours,high,Court decision — judicial ruling external to firm,,,,
scotus_2007-050_20080609_JPM,,JPM,2008-06-09,"ALLISON ENGINE COMPANY, INC., et al. v. UNITED STATES ex rel. ROGER L. SANDERS AND ROGER L. THACKER",external,hours,high,Court decision — judicial ruling external to firm,,,,
scotus_2007-050_20080609_BAC,,BAC,2008-06-09,"ALLISON ENGINE COMPANY, INC., et al. v. UNITED STATES ex rel. ROGER L. SANDERS AND ROGER L. THACKER",external,hours,high,Court decision — judicial ruling external to firm,,,,
scotus_2007-050_20080609_AXP,,AXP,2008-06-09,"ALLISON ENGINE COMPANY, INC., et al. v. UNITED STATES ex rel. ROGER L. SANDERS AND ROGER L. THACKER",external,hours,high,Court decision — judicial ruling external to firm,,,,
scotus_2007-050_20080609_WFC,,WFC,2008-06-09,"ALLISON ENGINE COMPANY, INC., et al. v. UNITED STATES ex rel. ROGER L. SANDERS AND ROGER L. THACKER",external,hours,high,Court decision — judicial ruling external to firm,,,,
scotus_2007-050_20080609_C,,C,2008-06-09,"ALLISON ENGINE COMPANY, INC., et al. v. UNITED STATES ex rel. ROGER L. SANDERS AND ROGER L. THACKER",external,hours,high,Court decision — judicial ruling external to firm,,,,
eo_13382_20050628_IBM,,IBM,2005-06-28,EO 13382: Blocking Property of Weapons of Mass Destruction Proliferators and Their Supporters,external,hours,high,Executive order — presidential action external to firm,,,,
eo_13382_20050628_LMT,,LMT,2005-06-28,EO 13382: Blocking Property of Weapons of Mass Destruction Proliferators and Their Supporters,external,hours,high,Executive order — presidential action external to firm,,,,
eo_13382_20050628_CRM,,CRM,2005-06-28,EO 13382: Blocking Property of Weapons of Mass Destruction Proliferators and Their Supporters,external,hours,high,Executive order — presidential action external to firm,,,,
eo_13382_20050628_ADBE,,ADBE,2005-06-28,EO 13382: Blocking Property of Weapons of Mass Destruction Proliferators and Their Supporters,external,hours,high,Executive order — presidential action external to firm,,,,
eo_13382_20050628_BA,,BA,2005-06-28,EO 13382: Blocking Property of Weapons of Mass Destruction Proliferators and Their Supporters,external,hours,high,Executive order — presidential action external to firm,,,,
eo_13382_20050628_F,,F,2005-06-28,EO 13382: Blocking Property of Weapons of Mass Destruction Proliferators and Their Supporters,external,hours,high,Executive order — presidential action external to firm,,,,
vote_H_2011__20110303_SAM,,SAM,2011-03-03,H.R. 4 (112th): Comprehensive 1099 Taxpayer Protection and Repayment of Exchange Subsidy Overpayments Act of 2011,external,days,high,Congressional vote — legislative action external to firm,,,,
vote_H_2011__20110303_PM,,PM,2011-03-03,H.R. 4 (112th): Comprehensive 1099 Taxpayer Protection and Repayment of Exchange Subsidy Overpayments Act of 2011,external,days,high,Congressional vote — legislative action external to firm,,,,
vote_H_2011__20110303_MDLZ,,MDLZ,2011-03-03,H.R. 4 (112th): Comprehensive 1099 Taxpayer Protection and Repayment of Exchange Subsidy Overpayments Act of 2011,external,days,high,Congressional vote — legislative action external to firm,,,,
vote_H_2011__20110303_KDP,,KDP,2011-03-03,H.R. 4 (112th): Comprehensive 1099 Taxpayer Protection and Repayment of Exchange Subsidy Overpayments Act of 2011,external,days,high,Congressional vote — legislative action external to firm,,,,
vote_H_2011__20110303_GIS,,GIS,2011-03-03,H.R. 4 (112th): Comprehensive 1099 Taxpayer Protection and Repayment of Exchange Subsidy Overpayments Act of 2011,external,days,high,Congressional vote — legislative action external to firm,,,,
vote_H_2011__20110303_MO,,MO,2011-03-03,H.R. 4 (112th): Comprehensive 1099 Taxpayer Protection and Repayment of Exchange Subsidy Overpayments Act of 2011,external,days,high,Congressional vote — legislative action external to firm,,,,
vote_H_2011__20110303_KO,,KO,2011-03-03,H.R. 4 (112th): Comprehensive 1099 Taxpayer Protection and Repayment of Exchange Subsidy Overpayments Act of 2011,external,days,high,Congressional vote — legislative action external to firm,,,,
vote_H_2011__20110303_TAP,,TAP,2011-03-03,H.R. 4 (112th): Comprehensive 1099 Taxpayer Protection and Repayment of Exchange Subsidy Overpayments Act of 2011,external,days,high,Congressional vote — legislative action external to firm,,,,
vote_H_2011__20110303_HSY,,HSY,2011-03-03,H.R. 4 (112th): Comprehensive 1099 Taxpayer Protection and Repayment of Exchange Subsidy Overpayments Act of 2011,external,days,high,Congressional vote — legislative action external to firm,,,,
vote_H_2011__20110303_CPB,,CPB,2011-03-03,H.R. 4 (112th): Comprehensive 1099 Taxpayer Protection and Repayment of Exchange Subsidy Overpayments Act of 2011,external,days,high,Congressional vote — legislative action external to firm,,,,
vote_H_2005__20050921_MSFT,,MSFT,2005-09-21,H.R. 250 (109th): Manufacturing Technology Competitiveness Act of 2005,external,days,high,Congressional vote — legislative action external to firm,,,,
vote_H_2005__20050921_AAPL,,AAPL,2005-09-21,H.R. 250 (109th): Manufacturing Technology Competitiveness Act of 2005,external,days,high,Congressional vote — legislative action external to firm,,,,
vote_H_2005__20050921_CHTR,,CHTR,2005-09-21,H.R. 250 (109th): Manufacturing Technology Competitiveness Act of 2005,external,days,high,Congressional vote — legislative action external to firm,,,,
vote_H_2005__20050921_T,,T,2005-09-21,H.R. 250 (109th): Manufacturing Technology Competitiveness Act of 2005,external,days,high,Congressional vote — legislative action external to firm,,,,
vote_H_2005__20050921_VZ,,VZ,2005-09-21,H.R. 250 (109th): Manufacturing Technology Competitiveness Act of 2005,external,days,high,Congressional vote — legislative action external to firm,,,,
vote_H_2005__20050921_HPQ,,HPQ,2005-09-21,H.R. 250 (109th): Manufacturing Technology Competitiveness Act of 2005,external,days,high,Congressional vote — legislative action external to firm,,,,
vote_H_2007__20070327_AAL,,AAL,2007-03-27,"H.Res. 270 (110th): Providing for consideration of the bill (H.R. 1401) to improve the security of railroads, public transportation, and ...",external,days,high,Congressional vote — legislative action external to firm,,,,
vote_H_2007__20070327_DAL,,DAL,2007-03-27,"H.Res. 270 (110th): Providing for consideration of the bill (H.R. 1401) to improve the security of railroads, public transportation, and ...",external,days,high,Congressional vote — legislative action external to firm,,,,
vote_H_2007__20070327_UAL,,UAL,2007-03-27,"H.Res. 270 (110th): Providing for consideration of the bill (H.R. 1401) to improve the security of railroads, public transportation, and ...",external,days,high,Congressional vote — legislative action external to firm,,,,
vote_H_2016__20160204_MET,,MET,2016-02-04,H.R. 766: Financial Institution Customer Protection Act of 2015,external,days,high,Congressional vote — legislative action external to firm,,,,
vote_H_2016__20160204_MA,,MA,2016-02-04,H.R. 766: Financial Institution Customer Protection Act of 2015,external,days,high,Congressional vote — legislative action external to firm,,,,
vote_H_2016__20160204_V,,V,2016-02-04,H.R. 766: Financial Institution Customer Protection Act of 2015,external,days,high,Congressional vote — legislative action external to firm,,,,
vote_H_2016__20160204_UBS,,UBS,2016-02-04,H.R. 766: Financial Institution Customer Protection Act of 2015,external,days,high,Congressional vote — legislative action external to firm,,,,
vote_H_2016__20160204_JPM,,JPM,2016-02-04,H.R. 766: Financial Institution Customer Protection Act of 2015,external,days,high,Congressional vote — legislative action external to firm,,,,
vote_H_2016__20160204_BAC,,BAC,2016-02-04,H.R. 766: Financial Institution Customer Protection Act of 2015,external,days,high,Congressional vote — legislative action external to firm,,,,
vote_H_2016__20160204_AXP,,AXP,2016-02-04,H.R. 766: Financial Institution Customer Protection Act of 2015,external,days,high,Congressional vote — legislative action external to firm,,,,
vote_H_2016__20160204_WFC,,WFC,2016-02-04,H.R. 766: Financial Institution Customer Protection Act of 2015,external,days,high,Congressional vote — legislative action external to firm,,,,
vote_H_2016__20160204_PYPL,,PYPL,2016-02-04,H.R. 766: Financial Institution Customer Protection Act of 2015,external,days,high,Congressional vote — legislative action external to firm,,,,
vote_H_2016__20160204_C,,C,2016-02-04,H.R. 766: Financial Institution Customer Protection Act of 2015,external,days,high,Congressional vote — legislative action external to firm,,,,
vote_H_2018__20180509_CVX,,CVX,2018-05-09,"H.Res. 879: Providing for consideration of the bill (H.R. 3053) to amend the Nuclear Waste Policy Act of 1982, and for other purposes.",external,days,high,Congressional vote — legislative action external to firm,,,,
vote_H_2018__20180509_XOM,,XOM,2018-05-09,"H.Res. 879: Providing for consideration of the bill (H.R. 3053) to amend the Nuclear Waste Policy Act of 1982, and for other purposes.",external,days,high,Congressional vote — legislative action external to firm,,,,
scotus_2015-050_20160620_MET,,MET,2016-06-20,RJR NABISCO INC. v. EUROPEAN COMMUNITY,external,hours,high,Court decision — judicial ruling external to firm,,,,
scotus_2015-050_20160620_MA,,MA,2016-06-20,RJR NABISCO INC. v. EUROPEAN COMMUNITY,external,hours,high,Court decision — judicial ruling external to firm,,,,
scotus_2015-050_20160620_V,,V,2016-06-20,RJR NABISCO INC. v. EUROPEAN COMMUNITY,external,hours,high,Court decision — judicial ruling external to firm,,,,
scotus_2015-050_20160620_UBS,,UBS,2016-06-20,RJR NABISCO INC. v. EUROPEAN COMMUNITY,external,hours,high,Court decision — judicial ruling external to firm,,,,
scotus_2015-050_20160620_JPM,,JPM,2016-06-20,RJR NABISCO INC. v. EUROPEAN COMMUNITY,external,hours,high,Court decision — judicial ruling external to firm,,,,
scotus_2015-050_20160620_BAC,,BAC,2016-06-20,RJR NABISCO INC. v. EUROPEAN COMMUNITY,external,hours,high,Court decision — judicial ruling external to firm,,,,
scotus_2015-050_20160620_AXP,,AXP,2016-06-20,RJR NABISCO INC. v. EUROPEAN COMMUNITY,external,hours,high,Court decision — judicial ruling external to firm,,,,
scotus_2015-050_20160620_WFC,,WFC,2016-06-20,RJR NABISCO INC. v. EUROPEAN COMMUNITY,external,hours,high,Court decision — judicial ruling external to firm,,,,
scotus_2015-050_20160620_PYPL,,PYPL,2016-06-20,RJR NABISCO INC. v. EUROPEAN COMMUNITY,external,hours,high,Court decision — judicial ruling external to firm,,,,
scotus_2015-050_20160620_C,,C,2016-06-20,RJR NABISCO INC. v. EUROPEAN COMMUNITY,external,hours,high,Court decision — judicial ruling external to firm,,,,
vote_H_2020__20200721_IBM,,IBM,2020-07-21,H.R. 6395: William M. (Mac) Thornberry National Defense Authorization Act for Fiscal Year 2021,external,days,high,Congressional vote — legislative action external to firm,,,,
vote_H_2020__20200721_GM,,GM,2020-07-21,H.R. 6395: William M. (Mac) Thornberry National Defense Authorization Act for Fiscal Year 2021,external,days,high,Congressional vote — legislative action external to firm,,,,
vote_H_2020__20200721_TSLA,,TSLA,2020-07-21,H.R. 6395: William M. (Mac) Thornberry National Defense Authorization Act for Fiscal Year 2021,external,days,high,Congressional vote — legislative action external to firm,,,,
vote_H_2020__20200721_CRM,,CRM,2020-07-21,H.R. 6395: William M. (Mac) Thornberry National Defense Authorization Act for Fiscal Year 2021,external,days,high,Congressional vote — legislative action external to firm,,,,
vote_H_2020__20200721_ADBE,,ADBE,2020-07-21,H.R. 6395: William M. (Mac) Thornberry National Defense Authorization Act for Fiscal Year 2021,external,days,high,Congressional vote — legislative action external to firm,,,,
vote_H_2020__20200721_BA,,BA,2020-07-21,H.R. 6395: William M. (Mac) Thornberry National Defense Authorization Act for Fiscal Year 2021,external,days,high,Congressional vote — legislative action external to firm,,,,
vote_H_2020__20200721_LMT,,LMT,2020-07-21,H.R. 6395: William M. (Mac) Thornberry National Defense Authorization Act for Fiscal Year 2021,external,days,high,Congressional vote — legislative action external to firm,,,,
vote_H_2020__20200721_F,,F,2020-07-21,H.R. 6395: William M. (Mac) Thornberry National Defense Authorization Act for Fiscal Year 2021,external,days,high,Congressional vote — legislative action external to firm,,,,
scotus_2013-014_20140122_MET,,MET,2014-01-22,"MEDTRONIC, INC. v. MIROWSKI FAMILY VENTURES, LLC",external,hours,high,Court decision — judicial ruling external to firm,,,,
scotus_2013-014_20140122_MA,,MA,2014-01-22,"MEDTRONIC, INC. v. MIROWSKI FAMILY VENTURES, LLC",external,hours,high,Court decision — judicial ruling external to firm,,,,
scotus_2013-014_20140122_V,,V,2014-01-22,"MEDTRONIC, INC. v. MIROWSKI FAMILY VENTURES, LLC",external,hours,high,Court decision — judicial ruling external to firm,,,,
scotus_2013-014_20140122_JPM,,JPM,2014-01-22,"MEDTRONIC, INC. v. MIROWSKI FAMILY VENTURES, LLC",external,hours,high,Court decision — judicial ruling external to firm,,,,
scotus_2013-014_20140122_BAC,,BAC,2014-01-22,"MEDTRONIC, INC. v. MIROWSKI FAMILY VENTURES, LLC",external,hours,high,Court decision — judicial ruling external to firm,,,,
scotus_2013-014_20140122_AXP,,AXP,2014-01-22,"MEDTRONIC, INC. v. MIROWSKI FAMILY VENTURES, LLC",external,hours,high,Court decision — judicial ruling external to firm,,,,
scotus_2013-014_20140122_WFC,,WFC,2014-01-22,"MEDTRONIC, INC. v. MIROWSKI FAMILY VENTURES, LLC",external,hours,high,Court decision — judicial ruling external to firm,,,,
scotus_2013-014_20140122_C,,C,2014-01-22,"MEDTRONIC, INC. v. MIROWSKI FAMILY VENTURES, LLC",external,hours,high,Court decision — judicial ruling external to firm,,,,
vote_S_2006__20060615_IBM,,IBM,2006-06-15,"H.R. 4939 (109th): Emergency Supplemental Appropriations Act for Defense, the Global War on Terror, and Hurricane Recovery, 2006",external,days,high,Congressional vote — legislative action external to firm,,,,
vote_S_2006__20060615_LMT,,LMT,2006-06-15,"H.R. 4939 (109th): Emergency Supplemental Appropriations Act for Defense, the Global War on Terror, and Hurricane Recovery, 2006",external,days,high,Congressional vote — legislative action external to firm,,,,
vote_S_2006__20060615_CRM,,CRM,2006-06-15,"H.R. 4939 (109th): Emergency Supplemental Appropriations Act for Defense, the Global War on Terror, and Hurricane Recovery, 2006",external,days,high,Congressional vote — legislative action external to firm,,,,
vote_S_2006__20060615_ADBE,,ADBE,2006-06-15,"H.R. 4939 (109th): Emergency Supplemental Appropriations Act for Defense, the Global War on Terror, and Hurricane Recovery, 2006",external,days,high,Congressional vote — legislative action external to firm,,,,
vote_S_2006__20060615_BA,,BA,2006-06-15,"H.R. 4939 (109th): Emergency Supplemental Appropriations Act for Defense, the Global War on Terror, and Hurricane Recovery, 2006",external,days,high,Congressional vote — legislative action external to firm,,,,
vote_S_2006__20060615_F,,F,2006-06-15,"H.R. 4939 (109th): Emergency Supplemental Appropriations Act for Defense, the Global War on Terror, and Hurricane Recovery, 2006",external,days,high,Congressional vote — legislative action external to firm,,,,
vote_H_2017__20170926_AAL,,AAL,2017-09-26,H.R. 2824: Increasing Opportunity through Evidence-Based Home Visiting Act,external,days,high,Congressional vote — legislative action external to firm,,,,
vote_H_2017__20170926_DAL,,DAL,2017-09-26,H.R. 2824: Increasing Opportunity through Evidence-Based Home Visiting Act,external,days,high,Congressional vote — legislative action external to firm,,,,
vote_H_2017__20170926_UAL,,UAL,2017-09-26,H.R. 2824: Increasing Opportunity through Evidence-Based Home Visiting Act,external,days,high,Congressional vote — legislative action external to firm,,,,
vote_H_2009__20090626_CVX,,CVX,2009-06-26,"H.Res. 587 (111th): Providing for consideration of the bill (H.R. 2454) to create clean energy jobs, achieve energy independence, reduce ...",external,days,high,Congressional vote — legislative action external to firm,,,,
eo_13822_20180109_AAL,,AAL,2018-01-09,EO 13822: Supporting Our Veterans During Their Transition From Uniformed Service to Civilian Life,external,hours,high,Executive order — presidential action external to firm,,,,
eo_13822_20180109_DAL,,DAL,2018-01-09,EO 13822: Supporting Our Veterans During Their Transition From Uniformed Service to Civilian Life,external,hours,high,Executive order — presidential action external to firm,,,,
eo_13822_20180109_UAL,,UAL,2018-01-09,EO 13822: Supporting Our Veterans During Their Transition From Uniformed Service to Civilian Life,external,hours,high,Executive order — presidential action external to firm,,,,
eo_14365_20251211_AAPL,,AAPL,2025-12-11,EO 14365: Ensuring a National Policy Framework for Artificial Intelligence,external,hours,high,Executive order — presidential action external to firm,,,,
eo_14365_20251211_META,,META,2025-12-11,EO 14365: Ensuring a National Policy Framework for Artificial Intelligence,external,hours,high,Executive order — presidential action external to firm,,,,
eo_14365_20251211_GOOGL,,GOOGL,2025-12-11,EO 14365: Ensuring a National Policy Framework for Artificial Intelligence,external,hours,high,Executive order — presidential action external to firm,,,,
eo_14365_20251211_MSFT,,MSFT,2025-12-11,EO 14365: Ensuring a National Policy Framework for Artificial Intelligence,external,hours,high,Executive order — presidential action external to firm,,,,
eo_14365_20251211_SNAP,,SNAP,2025-12-11,EO 14365: Ensuring a National Policy Framework for Artificial Intelligence,external,hours,high,Executive order — presidential action external to firm,,,,
eo_14365_20251211_TWLO,,TWLO,2025-12-11,EO 14365: Ensuring a National Policy Framework for Artificial Intelligence,external,hours,high,Executive order — presidential action external to firm,,,,
eo_14365_20251211_HPE,,HPE,2025-12-11,EO 14365: Ensuring a National Policy Framework for Artificial Intelligence,external,hours,high,Executive order — presidential action external to firm,,,,
eo_14365_20251211_ORCL,,ORCL,2025-12-11,EO 14365: Ensuring a National Policy Framework for Artificial Intelligence,external,hours,high,Executive order — presidential action external to firm,,,,
eo_14365_20251211_CHTR,,CHTR,2025-12-11,EO 14365: Ensuring a National Policy Framework for Artificial Intelligence,external,hours,high,Executive order — presidential action external to firm,,,,
eo_14365_20251211_DELL,,DELL,2025-12-11,EO 14365: Ensuring a National Policy Framework for Artificial Intelligence,external,hours,high,Executive order — presidential action external to firm,,,,
eo_14365_20251211_VZ,,VZ,2025-12-11,EO 14365: Ensuring a National Policy Framework for Artificial Intelligence,external,hours,high,Executive order — presidential action external to firm,,,,
eo_14365_20251211_T,,T,2025-12-11,EO 14365: Ensuring a National Policy Framework for Artificial Intelligence,external,hours,high,Executive order — presidential action external to firm,,,,
eo_14365_20251211_HPQ,,HPQ,2025-12-11,EO 14365: Ensuring a National Policy Framework for Artificial Intelligence,external,hours,high,Executive order — presidential action external to firm,,,,
vote_H_2017__20170504_TMO,,TMO,2017-05-04,"H.Res. 308: Providing for consideration of the bill (H.R. 2192) to amend the Public Health Service Act to eliminate the non-application of certain State waiver provisions to Members of Congress and congressional staff, and providing for further considera",external,days,high,Congressional vote — legislative action external to firm,,,,
vote_H_2017__20170504_PG,,PG,2017-05-04,"H.Res. 308: Providing for consideration of the bill (H.R. 2192) to amend the Public Health Service Act to eliminate the non-application of certain State waiver provisions to Members of Congress and congressional staff, and providing for further considera",external,days,high,Congressional vote — legislative action external to firm,,,,
vote_H_2017__20170504_DHR,,DHR,2017-05-04,"H.Res. 308: Providing for consideration of the bill (H.R. 2192) to amend the Public Health Service Act to eliminate the non-application of certain State waiver provisions to Members of Congress and congressional staff, and providing for further considera",external,days,high,Congressional vote — legislative action external to firm,,,,
vote_H_2017__20170504_ELF,,ELF,2017-05-04,"H.Res. 308: Providing for consideration of the bill (H.R. 2192) to amend the Public Health Service Act to eliminate the non-application of certain State waiver provisions to Members of Congress and congressional staff, and providing for further considera",external,days,high,Congressional vote — legislative action external to firm,,,,
vote_H_2017__20170504_EPC,,EPC,2017-05-04,"H.Res. 308: Providing for consideration of the bill (H.R. 2192) to amend the Public Health Service Act to eliminate the non-application of certain State waiver provisions to Members of Congress and congressional staff, and providing for further considera",external,days,high,Congressional vote — legislative action external to firm,,,,
scotus_2002-060_20030527_WFC,,WFC,2003-05-27,THE BLACK & DECKER DISABILITY PLAN v. KENNETH L. NORD,external,hours,high,Court decision — judicial ruling external to firm,,,,
scotus_2002-060_20030527_JPM,,JPM,2003-05-27,THE BLACK & DECKER DISABILITY PLAN v. KENNETH L. NORD,external,hours,high,Court decision — judicial ruling external to firm,,,,
scotus_2002-060_20030527_C,,C,2003-05-27,THE BLACK & DECKER DISABILITY PLAN v. KENNETH L. NORD,external,hours,high,Court decision — judicial ruling external to firm,,,,
scotus_2002-060_20030527_BAC,,BAC,2003-05-27,THE BLACK & DECKER DISABILITY PLAN v. KENNETH L. NORD,external,hours,high,Court decision — judicial ruling external to firm,,,,
vote_H_2013__20130911_SAM,,SAM,2013-09-11,H.Res. 339 (113th): Providing for consideration of the bill (H.R. 2775) to condition the provision of premium and cost-sharing subsidies ...,external,days,high,Congressional vote — legislative action external to firm,,,,
vote_H_2013__20130911_PM,,PM,2013-09-11,H.Res. 339 (113th): Providing for consideration of the bill (H.R. 2775) to condition the provision of premium and cost-sharing subsidies ...,external,days,high,Congressional vote — legislative action external to firm,,,,
vote_H_2013__20130911_MDLZ,,MDLZ,2013-09-11,H.Res. 339 (113th): Providing for consideration of the bill (H.R. 2775) to condition the provision of premium and cost-sharing subsidies ...,external,days,high,Congressional vote — legislative action external to firm,,,,
vote_H_2013__20130911_KDP,,KDP,2013-09-11,H.Res. 339 (113th): Providing for consideration of the bill (H.R. 2775) to condition the provision of premium and cost-sharing subsidies ...,external,days,high,Congressional vote — legislative action external to firm,,,,
vote_H_2013__20130911_GIS,,GIS,2013-09-11,H.Res. 339 (113th): Providing for consideration of the bill (H.R. 2775) to condition the provision of premium and cost-sharing subsidies ...,external,days,high,Congressional vote — legislative action external to firm,,,,
vote_H_2013__20130911_MO,,MO,2013-09-11,H.Res. 339 (113th): Providing for consideration of the bill (H.R. 2775) to condition the provision of premium and cost-sharing subsidies ...,external,days,high,Congressional vote — legislative action external to firm,,,,
vote_H_2013__20130911_KO,,KO,2013-09-11,H.Res. 339 (113th): Providing for consideration of the bill (H.R. 2775) to condition the provision of premium and cost-sharing subsidies ...,external,days,high,Congressional vote — legislative action external to firm,,,,
vote_H_2013__20130911_TAP,,TAP,2013-09-11,H.Res. 339 (113th): Providing for consideration of the bill (H.R. 2775) to condition the provision of premium and cost-sharing subsidies ...,external,days,high,Congressional vote — legislative action external to firm,,,,
vote_H_2013__20130911_HSY,,HSY,2013-09-11,H.Res. 339 (113th): Providing for consideration of the bill (H.R. 2775) to condition the provision of premium and cost-sharing subsidies ...,external,days,high,Congressional vote — legislative action external to firm,,,,
vote_H_2013__20130911_CPB,,CPB,2013-09-11,H.Res. 339 (113th): Providing for consideration of the bill (H.R. 2775) to condition the provision of premium and cost-sharing subsidies ...,external,days,high,Congressional vote — legislative action external to firm,,,,
eo_14122_20240412_TMO,,TMO,2024-04-12,EO 14122: COVID-19 and Public Health Preparedness and Response,external,hours,high,Executive order — presidential action external to firm,,,,
eo_14122_20240412_PG,,PG,2024-04-12,EO 14122: COVID-19 and Public Health Preparedness and Response,external,hours,high,Executive order — presidential action external to firm,,,,
eo_14122_20240412_DHR,,DHR,2024-04-12,EO 14122: COVID-19 and Public Health Preparedness and Response,external,hours,high,Executive order — presidential action external to firm,,,,
eo_14122_20240412_ELF,,ELF,2024-04-12,EO 14122: COVID-19 and Public Health Preparedness and Response,external,hours,high,Executive order — presidential action external to firm,,,,
eo_14122_20240412_EPC,,EPC,2024-04-12,EO 14122: COVID-19 and Public Health Preparedness and Response,external,hours,high,Executive order — presidential action external to firm,,,,
vote_H_2015__20150121_CVX,,CVX,2015-01-21,H.R. 161: Natural Gas Pipeline Permitting Reform Act,external,days,high,Congressional vote — legislative action external to firm,,,,
vote_H_2015__20150121_XOM,,XOM,2015-01-21,H.R. 161: Natural Gas Pipeline Permitting Reform Act,external,days,high,Congressional vote — legislative action external to firm,,,,
vote_H_2025__20250918_CVX,,CVX,2025-09-18,H.R. 3062: Promoting Cross-border Energy Infrastructure Act,external,days,high,Congressional vote — legislative action external to firm,,,,
vote_H_2025__20250918_XOM,,XOM,2025-09-18,H.R. 3062: Promoting Cross-border Energy Infrastructure Act,external,days,high,Congressional vote — legislative action external to firm,,,,
vote_H_2017__20171108_MET,,MET,2017-11-08,"H.Res. 609: Providing for consideration of the bill (H.R. 2201) to amend the Securities Act of 1933 to exempt certain micro-offerings from the registration requirements of such Act, and for other purposes.",external,days,high,Congressional vote — legislative action external to firm,,,,
vote_H_2017__20171108_MA,,MA,2017-11-08,"H.Res. 609: Providing for consideration of the bill (H.R. 2201) to amend the Securities Act of 1933 to exempt certain micro-offerings from the registration requirements of such Act, and for other purposes.",external,days,high,Congressional vote — legislative action external to firm,,,,
vote_H_2017__20171108_V,,V,2017-11-08,"H.Res. 609: Providing for consideration of the bill (H.R. 2201) to amend the Securities Act of 1933 to exempt certain micro-offerings from the registration requirements of such Act, and for other purposes.",external,days,high,Congressional vote — legislative action external to firm,,,,
vote_H_2017__20171108_UBS,,UBS,2017-11-08,"H.Res. 609: Providing for consideration of the bill (H.R. 2201) to amend the Securities Act of 1933 to exempt certain micro-offerings from the registration requirements of such Act, and for other purposes.",external,days,high,Congressional vote — legislative action external to firm,,,,
vote_H_2017__20171108_JPM,,JPM,2017-11-08,"H.Res. 609: Providing for consideration of the bill (H.R. 2201) to amend the Securities Act of 1933 to exempt certain micro-offerings from the registration requirements of such Act, and for other purposes.",external,days,high,Congressional vote — legislative action external to firm,,,,
vote_H_2017__20171108_BAC,,BAC,2017-11-08,"H.Res. 609: Providing for consideration of the bill (H.R. 2201) to amend the Securities Act of 1933 to exempt certain micro-offerings from the registration requirements of such Act, and for other purposes.",external,days,high,Congressional vote — legislative action external to firm,,,,
vote_H_2017__20171108_AXP,,AXP,2017-11-08,"H.Res. 609: Providing for consideration of the bill (H.R. 2201) to amend the Securities Act of 1933 to exempt certain micro-offerings from the registration requirements of such Act, and for other purposes.",external,days,high,Congressional vote — legislative action external to firm,,,,
vote_H_2017__20171108_WFC,,WFC,2017-11-08,"H.Res. 609: Providing for consideration of the bill (H.R. 2201) to amend the Securities Act of 1933 to exempt certain micro-offerings from the registration requirements of such Act, and for other purposes.",external,days,high,Congressional vote — legislative action external to firm,,,,
vote_H_2017__20171108_PYPL,,PYPL,2017-11-08,"H.Res. 609: Providing for consideration of the bill (H.R. 2201) to amend the Securities Act of 1933 to exempt certain micro-offerings from the registration requirements of such Act, and for other purposes.",external,days,high,Congressional vote — legislative action external to firm,,,,
vote_H_2017__20171108_C,,C,2017-11-08,"H.Res. 609: Providing for consideration of the bill (H.R. 2201) to amend the Securities Act of 1933 to exempt certain micro-offerings from the registration requirements of such Act, and for other purposes.",external,days,high,Congressional vote — legislative action external to firm,,,,
eo_13824_20180226_AAL,,AAL,2018-02-26,"EO 13824: President's Council on Sports, Fitness, and Nutrition",external,hours,high,Executive order — presidential action external to firm,,,,
eo_13824_20180226_DAL,,DAL,2018-02-26,"EO 13824: President's Council on Sports, Fitness, and Nutrition",external,hours,high,Executive order — presidential action external to firm,,,,
eo_13824_20180226_UAL,,UAL,2018-02-26,"EO 13824: President's Council on Sports, Fitness, and Nutrition",external,hours,high,Executive order — presidential action external to firm,,,,
vote_H_2011__20110407_CVX,,CVX,2011-04-07,H.R. 910 (112th): Energy Tax Prevention Act of 2011,external,days,high,Congressional vote — legislative action external to firm,,,,
vote_H_2011__20110407_XOM,,XOM,2011-04-07,H.R. 910 (112th): Energy Tax Prevention Act of 2011,external,days,high,Congressional vote — legislative action external to firm,,,,
vote_H_2015__20150729_AAL,,AAL,2015-07-29,H.R. 3236: Surface Transportation and Veterans Health Care Choice Improvement Act of 2015,external,days,high,Congressional vote — legislative action external to firm,,,,
vote_H_2015__20150729_DAL,,DAL,2015-07-29,H.R. 3236: Surface Transportation and Veterans Health Care Choice Improvement Act of 2015,external,days,high,Congressional vote — legislative action external to firm,,,,
vote_H_2015__20150729_UAL,,UAL,2015-07-29,H.R. 3236: Surface Transportation and Veterans Health Care Choice Improvement Act of 2015,external,days,high,Congressional vote — legislative action external to firm,,,,
vote_H_2005__20051026_WFC,,WFC,2005-10-26,"H.Res. 509 (109th): Providing for consideration of the bill (H.R. 1461) to reform the regulation of certain housing-related Government-sponsored enterprises, ...",external,days,high,Congressional vote — legislative action external to firm,,,,
vote_H_2005__20051026_JPM,,JPM,2005-10-26,"H.Res. 509 (109th): Providing for consideration of the bill (H.R. 1461) to reform the regulation of certain housing-related Government-sponsored enterprises, ...",external,days,high,Congressional vote — legislative action external to firm,,,,
vote_H_2005__20051026_AXP,,AXP,2005-10-26,"H.Res. 509 (109th): Providing for consideration of the bill (H.R. 1461) to reform the regulation of certain housing-related Government-sponsored enterprises, ...",external,days,high,Congressional vote — legislative action external to firm,,,,
vote_H_2005__20051026_BAC,,BAC,2005-10-26,"H.Res. 509 (109th): Providing for consideration of the bill (H.R. 1461) to reform the regulation of certain housing-related Government-sponsored enterprises, ...",external,days,high,Congressional vote — legislative action external to firm,,,,
vote_H_2005__20051026_C,,C,2005-10-26,"H.Res. 509 (109th): Providing for consideration of the bill (H.R. 1461) to reform the regulation of certain housing-related Government-sponsored enterprises, ...",external,days,high,Congressional vote — legislative action external to firm,,,,
vote_S_2005__20051221_TMO,,TMO,2005-12-21,"H.R. 2863 (109th): Department of Defense, Emergency Supplemental Appropriations to Address Hurricanes in the Gulf of Mexico, and Pandemic Influenza ...",external,days,high,Congressional vote — legislative action external to firm,,,,
vote_S_2005__20051221_DHR,,DHR,2005-12-21,"H.R. 2863 (109th): Department of Defense, Emergency Supplemental Appropriations to Address Hurricanes in the Gulf of Mexico, and Pandemic Influenza ...",external,days,high,Congressional vote — legislative action external to firm,,,,
vote_S_2005__20051221_PG,,PG,2005-12-21,"H.R. 2863 (109th): Department of Defense, Emergency Supplemental Appropriations to Address Hurricanes in the Gulf of Mexico, and Pandemic Influenza ...",external,days,high,Congressional vote — legislative action external to firm,,,,
vote_S_2005__20051221_EPC,,EPC,2005-12-21,"H.R. 2863 (109th): Department of Defense, Emergency Supplemental Appropriations to Address Hurricanes in the Gulf of Mexico, and Pandemic Influenza ...",external,days,high,Congressional vote — legislative action external to firm,,,,
